filename,xmin,ymin,xmax,ymax,class
images/Image_001.jpg,2,2,264,255,healthy
images/Image_001.jpg,1,262,109,413,healthy
images/Image_001.jpg,150,272,311,413,healthy
images/Image_001.jpg,283,63,402,138,stressed
images/Image_001.jpg,316,332,414,412,stressed
images/Image_001.jpg,282,167,411,266,healthy
images/Image_002.jpg,0,2,264,204,healthy
images/Image_002.jpg,6,214,85,410,healthy
images/Image_002.jpg,278,6,411,67,stressed
images/Image_002.jpg,266,231,414,414,stressed
images/Image_002.jpg,290,97,402,204,healthy
images/Image_002.jpg,143,209,241,366,healthy
images/Image_003.jpg,0,200,74,412,healthy
images/Image_003.jpg,6,0,62,164,healthy
images/Image_003.jpg,108,9,406,117,healthy
images/Image_003.jpg,129,122,296,208,healthy
images/Image_003.jpg,320,312,412,408,stressed
images/Image_003.jpg,319,134,405,287,stressed
images/Image_003.jpg,85,298,261,415,stressed
images/Image_003.jpg,219,212,303,292,stressed
images/Image_004.jpg,1,3,76,335,healthy
images/Image_004.jpg,121,3,262,125,healthy
images/Image_004.jpg,272,1,405,41,healthy
images/Image_004.jpg,150,318,282,411,stressed
images/Image_004.jpg,87,133,269,304,stressed
images/Image_004.jpg,321,208,414,322,stressed
images/Image_004.jpg,275,46,411,193,stressed
images/Image_004.jpg,321,371,384,414,healthy
images/Image_005.jpg,4,1,74,305,healthy
images/Image_005.jpg,124,1,286,84,healthy
images/Image_005.jpg,295,340,413,415,healthy
images/Image_005.jpg,315,178,413,301,stressed
images/Image_005.jpg,291,15,400,152,stressed
images/Image_005.jpg,7,365,168,411,stressed
images/Image_005.jpg,79,281,270,373,stressed
images/Image_005.jpg,81,134,278,272,stressed
images/Image_006.jpg,260,267,414,413,stressed
images/Image_006.jpg,313,103,406,212,stressed
images/Image_006.jpg,0,310,196,413,stressed
images/Image_006.jpg,156,203,254,298,stressed
images/Image_006.jpg,64,80,142,261,stressed
images/Image_006.jpg,266,0,406,76,stressed
images/Image_006.jpg,171,47,264,195,stressed
images/Image_006.jpg,2,82,58,248,healthy
images/Image_006.jpg,5,1,127,78,healthy
images/Image_007.jpg,181,2,325,110,stressed
images/Image_007.jpg,120,356,210,416,stressed
images/Image_007.jpg,215,254,366,410,stressed
images/Image_007.jpg,369,143,415,291,stressed
images/Image_007.jpg,6,1,163,112,healthy
images/Image_007.jpg,6,125,113,406,healthy
images/Image_007.jpg,126,142,203,340,healthy
images/Image_007.jpg,220,130,347,245,healthy
images/Image_007.jpg,345,5,416,121,healthy
images/Image_009.jpg,4,1,159,209,healthy
images/Image_009.jpg,164,1,342,123,healthy
images/Image_009.jpg,376,117,413,292,healthy
images/Image_009.jpg,330,337,414,413,healthy
images/Image_009.jpg,44,214,116,299,healthy
images/Image_009.jpg,2,305,128,410,stressed
images/Image_009.jpg,171,318,296,412,stressed
images/Image_009.jpg,181,148,289,295,stressed
images/Image_009.jpg,303,131,371,250,stressed
images/Image_009.jpg,357,1,413,113,stressed
images/Image_010.jpg,317,277,413,411,stressed
images/Image_010.jpg,180,208,296,318,stressed
images/Image_010.jpg,183,378,243,414,stressed
images/Image_010.jpg,9,110,150,413,stressed
images/Image_010.jpg,191,63,353,174,stressed
images/Image_010.jpg,293,0,371,54,stressed
images/Image_010.jpg,4,1,184,106,healthy
images/Image_010.jpg,198,1,284,46,healthy
images/Image_010.jpg,376,14,413,184,healthy
images/Image_011.jpg,3,0,191,68,healthy
images/Image_011.jpg,371,2,415,138,healthy
images/Image_011.jpg,180,357,251,411,healthy
images/Image_011.jpg,299,270,411,412,stressed
images/Image_011.jpg,14,288,143,380,stressed
images/Image_011.jpg,0,386,34,411,stressed
images/Image_011.jpg,166,174,304,292,stressed
images/Image_011.jpg,21,123,135,279,stressed
images/Image_011.jpg,140,74,257,164,stressed
images/Image_011.jpg,265,0,360,122,stressed
images/Image_012.jpg,181,99,301,212,stressed
images/Image_012.jpg,137,3,276,70,stressed
images/Image_012.jpg,21,46,124,206,stressed
images/Image_012.jpg,23,204,145,306,stressed
images/Image_012.jpg,167,331,261,415,stressed
images/Image_012.jpg,302,181,412,297,stressed
images/Image_012.jpg,276,298,412,388,stressed
images/Image_012.jpg,4,335,49,412,healthy
images/Image_012.jpg,368,6,412,67,healthy
images/Image_012.jpg,56,2,124,29,healthy
images/Image_014.jpg,356,358,413,412,stressed
images/Image_014.jpg,11,285,94,383,stressed
images/Image_014.jpg,91,233,205,313,stressed
images/Image_014.jpg,155,172,266,231,stressed
images/Image_014.jpg,250,99,368,169,stressed
images/Image_014.jpg,368,49,416,245,stressed
images/Image_014.jpg,224,241,311,372,healthy
images/Image_014.jpg,240,3,338,39,healthy
images/Image_014.jpg,1,31,58,261,healthy
images/Image_014.jpg,66,160,149,206,healthy
images/Image_014.jpg,64,28,200,148,healthy
images/Image_017.jpg,43,174,149,270,stressed
images/Image_017.jpg,2,77,139,143,stressed
images/Image_017.jpg,88,2,194,84,stressed
images/Image_017.jpg,342,153,413,297,stressed
images/Image_017.jpg,172,261,308,409,stressed
images/Image_017.jpg,303,307,394,373,stressed
images/Image_017.jpg,1,1,38,49,healthy
images/Image_017.jpg,235,8,312,138,healthy
images/Image_017.jpg,36,361,117,411,healthy
images/Image_017.jpg,224,199,333,255,healthy
images/Image_018.jpg,45,100,160,211,stressed
images/Image_018.jpg,0,1,135,61,stressed
images/Image_018.jpg,11,279,128,413,stressed
images/Image_018.jpg,145,310,272,416,stressed
images/Image_018.jpg,189,185,291,302,stressed
images/Image_018.jpg,333,78,416,212,stressed
images/Image_018.jpg,288,291,388,398,healthy
images/Image_018.jpg,228,2,299,53,healthy
images/Image_018.jpg,232,109,330,169,healthy
images/Image_020.jpg,2,207,32,378,healthy
images/Image_020.jpg,3,1,58,45,healthy
images/Image_020.jpg,205,244,281,344,healthy
images/Image_020.jpg,250,384,346,415,healthy
images/Image_020.jpg,365,148,416,207,healthy
images/Image_020.jpg,296,225,388,298,stressed
images/Image_020.jpg,299,307,410,377,stressed
images/Image_020.jpg,225,1,402,79,stressed
images/Image_020.jpg,197,83,296,175,stressed
images/Image_020.jpg,100,28,193,102,stressed
images/Image_020.jpg,8,104,191,199,stressed
images/Image_020.jpg,98,357,222,413,stressed
images/Image_020.jpg,139,298,202,353,stressed
images/Image_022.jpg,3,28,30,169,healthy
images/Image_022.jpg,0,224,79,315,healthy
images/Image_022.jpg,266,200,317,254,healthy
images/Image_022.jpg,226,46,274,122,healthy
images/Image_022.jpg,168,247,245,334,healthy
images/Image_022.jpg,112,0,187,69,stressed
images/Image_022.jpg,306,34,376,100,stressed
images/Image_022.jpg,357,114,394,195,stressed
images/Image_022.jpg,282,123,338,178,stressed
images/Image_022.jpg,149,109,222,159,stressed
images/Image_022.jpg,130,167,222,236,stressed
images/Image_022.jpg,93,241,150,334,stressed
images/Image_022.jpg,4,349,106,413,stressed
images/Image_022.jpg,317,355,391,412,stressed
images/Image_022.jpg,389,295,415,340,healthy
images/Image_023.jpg,5,0,32,148,healthy
images/Image_023.jpg,7,194,63,283,healthy
images/Image_023.jpg,212,23,288,105,healthy
images/Image_023.jpg,261,171,326,254,healthy
images/Image_023.jpg,7,383,114,412,healthy
images/Image_023.jpg,155,228,231,325,healthy
images/Image_023.jpg,124,0,175,34,healthy
images/Image_023.jpg,303,7,384,68,stressed
images/Image_023.jpg,154,80,203,140,stressed
images/Image_023.jpg,73,182,140,283,stressed
images/Image_023.jpg,149,145,239,210,stressed
images/Image_023.jpg,4,288,107,378,stressed
images/Image_023.jpg,305,84,396,147,stressed
images/Image_023.jpg,252,361,340,413,stressed
images/Image_023.jpg,336,310,399,363,stressed
images/Image_027.jpg,2,0,31,77,healthy
images/Image_027.jpg,3,286,54,414,healthy
images/Image_027.jpg,123,382,210,414,healthy
images/Image_027.jpg,284,285,396,364,healthy
images/Image_027.jpg,271,4,374,31,healthy
images/Image_027.jpg,80,224,131,336,stressed
images/Image_027.jpg,37,146,86,237,stressed
images/Image_027.jpg,97,92,182,158,stressed
images/Image_027.jpg,193,66,270,195,stressed
images/Image_027.jpg,168,0,269,61,stressed
images/Image_027.jpg,288,35,377,141,stressed
images/Image_027.jpg,366,209,412,281,stressed
images/Image_027.jpg,219,354,283,412,stressed
images/Image_027.jpg,5,215,38,274,stressed
images/Image_029.jpg,34,7,95,75,stressed
images/Image_029.jpg,351,80,412,151,stressed
images/Image_029.jpg,86,87,137,155,stressed
images/Image_029.jpg,58,324,156,369,stressed
images/Image_029.jpg,216,213,295,280,stressed
images/Image_029.jpg,285,150,326,212,stressed
images/Image_029.jpg,187,0,272,62,stressed
images/Image_029.jpg,3,78,68,138,stressed
images/Image_029.jpg,3,151,48,278,healthy
images/Image_029.jpg,119,249,209,313,healthy
images/Image_029.jpg,337,155,404,232,healthy
images/Image_029.jpg,44,374,108,414,healthy
images/Image_029.jpg,1,29,22,67,healthy
images/Image_030.jpg,6,71,47,186,healthy
images/Image_030.jpg,118,163,231,251,healthy
images/Image_030.jpg,0,336,63,410,healthy
images/Image_030.jpg,308,74,385,141,healthy
images/Image_030.jpg,308,342,414,413,stressed
images/Image_030.jpg,23,241,114,323,stressed
images/Image_030.jpg,117,256,169,296,stressed
images/Image_030.jpg,229,115,309,216,stressed
images/Image_030.jpg,362,1,408,70,stressed
images/Image_030.jpg,2,0,132,71,stressed
images/Image_031.jpg,277,16,373,77,stressed
images/Image_031.jpg,317,85,413,166,stressed
images/Image_031.jpg,4,1,169,139,stressed
images/Image_031.jpg,184,140,266,229,stressed
images/Image_031.jpg,198,230,320,408,stressed
images/Image_031.jpg,0,169,94,358,healthy
images/Image_031.jpg,98,334,190,410,healthy
images/Image_031.jpg,325,181,399,387,healthy
images/Image_031.jpg,217,73,297,139,healthy
images/Image_032.jpg,66,0,166,39,stressed
images/Image_032.jpg,67,300,184,409,stressed
images/Image_032.jpg,200,307,281,347,stressed
images/Image_032.jpg,174,141,266,245,stressed
images/Image_032.jpg,0,68,76,237,healthy
images/Image_032.jpg,0,308,35,400,healthy
images/Image_032.jpg,221,0,276,58,healthy
images/Image_032.jpg,326,48,414,120,healthy
images/Image_032.jpg,283,132,353,264,healthy
images/Image_032.jpg,358,346,413,412,healthy
images/Image_032.jpg,206,354,320,411,healthy
images/Image_032.jpg,93,214,176,292,healthy
images/Image_032.jpg,197,61,315,129,stressed
images/Image_032.jpg,291,0,373,35,stressed
images/Image_033.jpg,144,20,228,105,stressed
images/Image_033.jpg,345,247,415,313,stressed
images/Image_033.jpg,295,336,416,415,stressed
images/Image_033.jpg,232,62,297,149,stressed
images/Image_033.jpg,153,106,221,172,stressed
images/Image_033.jpg,54,171,156,252,stressed
images/Image_033.jpg,78,331,144,381,stressed
images/Image_033.jpg,20,256,130,320,stressed
images/Image_033.jpg,1,0,70,160,healthy
images/Image_033.jpg,359,181,413,243,healthy
images/Image_033.jpg,7,341,75,412,healthy
images/Image_033.jpg,155,317,220,408,healthy
images/Image_033.jpg,173,181,269,305,healthy
images/Image_033.jpg,84,78,140,158,healthy
images/Image_034.jpg,111,12,170,100,healthy
images/Image_034.jpg,7,292,104,349,healthy
images/Image_034.jpg,376,117,412,192,healthy
images/Image_034.jpg,215,106,293,178,healthy
images/Image_034.jpg,174,184,252,298,healthy
images/Image_034.jpg,4,0,59,78,stressed
images/Image_034.jpg,200,11,329,85,stressed
images/Image_034.jpg,83,107,150,148,stressed
images/Image_034.jpg,80,154,167,221,stressed
images/Image_034.jpg,73,230,154,290,stressed
images/Image_034.jpg,3,356,182,412,stressed
images/Image_034.jpg,355,209,412,302,stressed
images/Image_034.jpg,318,325,408,396,stressed
images/Image_035.jpg,1,0,75,36,healthy
images/Image_035.jpg,2,110,71,247,healthy
images/Image_035.jpg,137,196,234,345,healthy
images/Image_035.jpg,361,79,412,155,healthy
images/Image_035.jpg,246,349,340,414,healthy
images/Image_035.jpg,152,0,309,46,stressed
images/Image_035.jpg,237,54,287,150,stressed
images/Image_035.jpg,128,52,222,122,stressed
images/Image_035.jpg,74,76,132,233,stressed
images/Image_035.jpg,22,252,108,336,stressed
images/Image_035.jpg,332,163,413,232,stressed
images/Image_035.jpg,315,239,414,335,stressed
images/Image_035.jpg,352,346,406,385,stressed
images/Image_035.jpg,2,342,62,411,stressed
images/Image_038.jpg,285,339,414,411,healthy
images/Image_038.jpg,363,202,416,304,healthy
images/Image_038.jpg,248,70,331,169,healthy
images/Image_038.jpg,389,76,414,178,healthy
images/Image_038.jpg,153,295,226,411,healthy
images/Image_038.jpg,89,280,146,343,healthy
images/Image_038.jpg,275,2,413,66,stressed
images/Image_038.jpg,341,70,385,117,stressed
images/Image_038.jpg,258,176,361,253,stressed
images/Image_038.jpg,297,258,358,334,stressed
images/Image_038.jpg,26,3,183,72,stressed
images/Image_038.jpg,1,83,190,140,stressed
images/Image_038.jpg,22,145,212,212,stressed
images/Image_038.jpg,0,217,69,285,stressed
images/Image_038.jpg,0,295,80,412,stressed
images/Image_038.jpg,87,372,147,414,stressed
images/Image_038.jpg,368,308,411,335,stressed
images/Image_039.jpg,273,1,348,40,stressed
images/Image_039.jpg,376,0,414,45,stressed
images/Image_039.jpg,13,3,160,124,stressed
images/Image_039.jpg,1,132,109,257,stressed
images/Image_039.jpg,127,140,207,216,stressed
images/Image_039.jpg,46,294,94,414,stressed
images/Image_039.jpg,3,308,42,409,healthy
images/Image_039.jpg,166,294,227,414,healthy
images/Image_039.jpg,95,281,155,343,healthy
images/Image_039.jpg,274,360,407,412,healthy
images/Image_039.jpg,367,212,411,306,healthy
images/Image_039.jpg,256,59,329,143,healthy
images/Image_039.jpg,387,72,412,175,healthy
images/Image_039.jpg,264,144,349,251,stressed
images/Image_039.jpg,297,256,354,343,stressed
images/Image_039.jpg,362,308,406,349,stressed
images/Image_039.jpg,334,43,380,115,stressed
images/Image_041.jpg,237,333,296,412,stressed
images/Image_041.jpg,87,354,225,413,stressed
images/Image_041.jpg,5,0,79,70,stressed
images/Image_041.jpg,3,76,83,152,stressed
images/Image_041.jpg,53,168,140,258,stressed
images/Image_041.jpg,97,261,139,311,stressed
images/Image_041.jpg,334,57,415,146,stressed
images/Image_041.jpg,252,55,330,143,stressed
images/Image_041.jpg,311,149,416,240,stressed
images/Image_041.jpg,84,22,153,149,healthy
images/Image_041.jpg,0,163,51,220,healthy
images/Image_041.jpg,0,315,79,410,healthy
images/Image_041.jpg,3,246,36,308,healthy
images/Image_041.jpg,97,314,222,350,healthy
images/Image_041.jpg,153,218,241,308,healthy
images/Image_041.jpg,371,258,416,354,healthy
images/Image_041.jpg,180,0,312,44,healthy
images/Image_041.jpg,322,2,409,37,healthy
images/Image_042.jpg,184,2,288,62,stressed
images/Image_042.jpg,261,75,354,176,stressed
images/Image_042.jpg,301,3,362,68,stressed
images/Image_042.jpg,368,66,416,146,stressed
images/Image_042.jpg,329,189,410,303,stressed
images/Image_042.jpg,238,346,413,416,healthy
images/Image_042.jpg,8,284,172,413,healthy
images/Image_042.jpg,173,212,252,324,healthy
images/Image_042.jpg,4,191,91,266,healthy
images/Image_042.jpg,2,3,117,86,healthy
images/Image_042.jpg,94,90,170,147,healthy
images/Image_042.jpg,6,89,93,186,healthy
images/Image_042.jpg,101,156,163,221,healthy
images/Image_044.jpg,354,2,412,73,healthy
images/Image_044.jpg,321,240,405,328,healthy
images/Image_044.jpg,4,284,74,412,healthy
images/Image_044.jpg,79,267,142,338,healthy
images/Image_044.jpg,0,160,44,226,healthy
images/Image_044.jpg,6,0,58,138,healthy
images/Image_044.jpg,53,196,141,261,healthy
images/Image_044.jpg,99,343,238,414,healthy
images/Image_044.jpg,247,341,308,415,healthy
images/Image_044.jpg,63,0,178,61,stressed
images/Image_044.jpg,185,2,285,59,stressed
images/Image_044.jpg,141,114,217,189,stressed
images/Image_044.jpg,232,66,298,127,stressed
images/Image_044.jpg,229,137,302,249,stressed
images/Image_044.jpg,184,247,308,329,stressed
images/Image_044.jpg,320,330,414,413,stressed
images/Image_044.jpg,308,90,368,176,stressed
images/Image_044.jpg,109,64,230,108,stressed
images/Image_044.jpg,0,235,47,277,stressed
images/Image_045.jpg,123,331,176,411,stressed
images/Image_045.jpg,181,289,262,414,stressed
images/Image_045.jpg,0,48,101,140,stressed
images/Image_045.jpg,0,151,48,258,stressed
images/Image_045.jpg,57,147,128,222,stressed
images/Image_045.jpg,132,196,160,272,stressed
images/Image_045.jpg,54,226,122,338,stressed
images/Image_045.jpg,135,132,200,196,stressed
images/Image_045.jpg,158,2,288,83,stressed
images/Image_045.jpg,267,137,404,219,stressed
images/Image_045.jpg,353,228,414,351,healthy
images/Image_045.jpg,260,364,373,413,healthy
images/Image_045.jpg,262,306,302,354,healthy
images/Image_045.jpg,248,89,404,130,healthy
images/Image_045.jpg,292,26,343,77,healthy
images/Image_045.jpg,1,2,97,39,healthy
images/Image_047.jpg,7,331,67,410,stressed
images/Image_047.jpg,0,267,36,317,stressed
images/Image_047.jpg,0,125,77,243,stressed
images/Image_047.jpg,59,1,186,73,stressed
images/Image_047.jpg,241,139,299,220,stressed
images/Image_047.jpg,343,0,409,31,stressed
images/Image_047.jpg,310,283,370,377,stressed
images/Image_047.jpg,164,121,232,181,stressed
images/Image_047.jpg,84,366,140,414,stressed
images/Image_047.jpg,78,292,169,363,stressed
images/Image_047.jpg,137,75,276,120,healthy
images/Image_047.jpg,251,230,302,326,healthy
images/Image_047.jpg,378,327,412,392,healthy
images/Image_047.jpg,153,372,257,413,healthy
images/Image_048.jpg,0,239,142,320,healthy
images/Image_048.jpg,36,1,113,64,healthy
images/Image_048.jpg,181,0,293,43,healthy
images/Image_048.jpg,200,48,349,118,healthy
images/Image_048.jpg,190,389,282,413,healthy
images/Image_048.jpg,203,220,244,332,healthy
images/Image_048.jpg,0,327,97,414,stressed
images/Image_048.jpg,0,86,28,194,stressed
images/Image_048.jpg,73,69,190,119,stressed
images/Image_048.jpg,153,125,311,214,stressed
images/Image_048.jpg,326,139,401,209,stressed
images/Image_048.jpg,251,279,404,397,stressed
images/Image_048.jpg,260,220,401,272,stressed
images/Image_048.jpg,367,1,412,29,stressed
images/Image_049.jpg,177,227,233,318,healthy
images/Image_049.jpg,66,66,167,140,healthy
images/Image_049.jpg,80,368,174,412,healthy
images/Image_049.jpg,1,290,69,411,stressed
images/Image_049.jpg,347,7,414,123,stressed
images/Image_049.jpg,264,1,331,27,stressed
images/Image_049.jpg,0,1,112,62,stressed
images/Image_049.jpg,105,144,214,219,stressed
images/Image_049.jpg,239,274,293,378,stressed
images/Image_049.jpg,297,335,410,407,stressed
images/Image_050.jpg,0,68,62,133,stressed
images/Image_050.jpg,315,0,401,43,stressed
images/Image_050.jpg,331,322,409,411,stressed
images/Image_050.jpg,181,315,317,373,stressed
images/Image_050.jpg,195,253,356,313,stressed
images/Image_050.jpg,66,100,198,208,stressed
images/Image_050.jpg,73,0,135,92,stressed
images/Image_050.jpg,1,16,42,67,healthy
images/Image_050.jpg,0,230,83,349,healthy
images/Image_050.jpg,94,382,200,413,healthy
images/Image_050.jpg,107,215,185,308,healthy
images/Image_050.jpg,347,44,409,124,healthy
images/Image_050.jpg,291,154,379,238,healthy
images/Image_050.jpg,364,247,409,303,healthy
images/Image_050.jpg,146,2,225,82,healthy
images/Image_050.jpg,204,87,260,132,healthy
images/Image_050.jpg,202,170,282,251,st
images/Image_051.jpg,0,0,141,59,stressed
images/Image_051.jpg,2,63,47,163,stressed
images/Image_051.jpg,50,61,102,105,stressed
images/Image_051.jpg,307,337,413,411,stressed
images/Image_051.jpg,2,300,110,408,stressed
images/Image_051.jpg,113,226,179,340,stressed
images/Image_051.jpg,193,209,235,286,stressed
images/Image_051.jpg,298,106,416,195,stressed
images/Image_051.jpg,363,3,409,97,healthy
images/Image_051.jpg,243,195,320,251,healthy
images/Image_051.jpg,371,234,414,331,healthy
images/Image_052.jpg,20,347,154,412,healthy
images/Image_052.jpg,2,201,77,303,healthy
images/Image_052.jpg,247,274,340,410,healthy
images/Image_052.jpg,0,100,40,195,healthy
images/Image_052.jpg,334,0,412,66,stressed
images/Image_052.jpg,252,48,336,136,stressed
images/Image_052.jpg,141,3,238,132,stressed
images/Image_052.jpg,45,63,130,186,stressed
images/Image_052.jpg,342,198,412,280,stressed
images/Image_052.jpg,348,285,413,403,stressed
images/Image_052.jpg,173,308,241,413,stressed
images/Image_052.jpg,150,139,280,230,stressed
images/Image_052.jpg,84,194,142,265,stressed
images/Image_053.jpg,0,0,44,71,stressed
images/Image_053.jpg,2,221,56,366,stressed
images/Image_053.jpg,64,204,118,299,stressed
images/Image_053.jpg,169,138,275,184,stressed
images/Image_053.jpg,223,69,367,136,stressed
images/Image_053.jpg,186,348,340,416,stressed
images/Image_053.jpg,346,303,411,411,stressed
images/Image_053.jpg,352,179,413,295,healthy
images/Image_053.jpg,259,244,341,337,healthy
images/Image_053.jpg,122,187,214,258,healthy
images/Image_053.jpg,256,2,407,57,healthy
images/Image_054.jpg,309,1,414,46,healthy
images/Image_054.jpg,1,362,39,412,healthy
images/Image_054.jpg,327,358,413,411,healthy
images/Image_054.jpg,114,267,251,363,healthy
images/Image_054.jpg,230,6,298,61,stressed
images/Image_054.jpg,138,43,226,145,stressed
images/Image_054.jpg,26,3,119,62,stressed
images/Image_054.jpg,2,63,45,255,stressed
images/Image_054.jpg,49,150,155,221,stressed
images/Image_054.jpg,64,61,128,136,stressed
images/Image_054.jpg,213,207,327,258,stressed
images/Image_054.jpg,352,82,414,186,stressed
images/Image_054.jpg,262,257,315,377,stressed
images/Image_054.jpg,331,236,396,346,stressed
images/Image_054.jpg,340,193,414,230,stressed
images/Image_054.jpg,64,371,230,414,stressed
images/Image_055.jpg,149,0,247,108,stressed
images/Image_055.jpg,63,110,170,184,stressed
images/Image_055.jpg,372,78,416,168,stressed
images/Image_055.jpg,264,308,354,415,stressed
images/Image_055.jpg,67,354,257,410,stressed
images/Image_055.jpg,357,214,416,337,stressed
images/Image_055.jpg,125,288,251,349,healthy
images/Image_055.jpg,215,227,346,285,healthy
images/Image_055.jpg,271,163,344,217,healthy
images/Image_055.jpg,253,7,344,73,healthy
images/Image_055.jpg,11,190,119,262,healthy
images/Image_056.jpg,112,2,189,72,stressed
images/Image_056.jpg,312,25,415,109,stressed
images/Image_056.jpg,2,41,114,141,stressed
images/Image_056.jpg,0,153,66,243,stressed
images/Image_056.jpg,353,113,414,252,stressed
images/Image_056.jpg,225,115,344,187,stressed
images/Image_056.jpg,224,193,344,263,stressed
images/Image_056.jpg,108,188,216,289,stressed
images/Image_056.jpg,150,295,229,396,stressed
images/Image_056.jpg,236,265,287,327,stressed
images/Image_056.jpg,206,0,287,58,healthy
images/Image_056.jpg,2,292,143,412,healthy
images/Image_056.jpg,234,349,415,416,healthy
images/Image_057.jpg,340,339,414,413,healthy
images/Image_057.jpg,140,3,241,79,healthy
images/Image_057.jpg,33,255,127,348,healthy
images/Image_057.jpg,145,179,214,308,healthy
images/Image_057.jpg,331,26,416,72,healthy
images/Image_057.jpg,280,81,376,137,healthy
images/Image_057.jpg,316,225,364,303,healthy
images/Image_057.jpg,44,1,127,63,healthy
images/Image_057.jpg,0,123,80,200,stressed
images/Image_057.jpg,35,70,137,120,stressed
images/Image_057.jpg,2,358,111,415,stressed
images/Image_057.jpg,135,316,281,413,stressed
images/Image_057.jpg,235,145,311,308,stressed
images/Image_057.jpg,372,217,412,290,stressed
images/Image_057.jpg,382,72,412,138,stressed
images/Image_057.jpg,324,144,409,206,stressed
images/Image_058.jpg,3,0,79,68,stressed
images/Image_058.jpg,0,83,33,123,stressed
images/Image_058.jpg,339,94,416,206,stressed
images/Image_058.jpg,0,313,108,387,stressed
images/Image_058.jpg,0,198,95,308,stressed
images/Image_058.jpg,109,207,164,308,stressed
images/Image_058.jpg,105,114,220,195,stressed
images/Image_058.jpg,175,205,225,275,stressed
images/Image_058.jpg,232,160,305,239,stressed
images/Image_058.jpg,230,100,326,148,stressed
images/Image_058.jpg,192,34,283,98,stressed
images/Image_058.jpg,339,2,416,84,healthy
images/Image_058.jpg,101,0,177,53,healthy
images/Image_058.jpg,339,245,415,345,healthy
images/Image_058.jpg,265,358,412,406,healthy
images/Image_058.jpg,115,348,253,410,healthy
images/Image_059.jpg,3,307,121,414,stressed
images/Image_059.jpg,335,33,412,110,stressed
images/Image_059.jpg,274,51,328,163,stressed
images/Image_059.jpg,336,117,406,225,stressed
images/Image_059.jpg,265,171,326,244,stressed
images/Image_059.jpg,135,214,213,356,stressed
images/Image_059.jpg,155,118,261,172,stressed
images/Image_059.jpg,0,218,128,303,healthy
images/Image_059.jpg,0,14,37,125,healthy
images/Image_059.jpg,46,1,155,73,healthy
images/Image_059.jpg,278,1,413,28,healthy
images/Image_059.jpg,184,36,260,112,healthy
images/Image_059.jpg,381,227,416,318,healthy
images/Image_059.jpg,236,345,369,416,healthy
images/Image_059.jpg,223,251,342,328,healthy
images/Image_059.jpg,51,156,154,205,healthy
images/Image_061.jpg,345,8,413,140,healthy
images/Image_061.jpg,344,150,416,201,healthy
images/Image_061.jpg,226,3,334,72,healthy
images/Image_061.jpg,117,2,219,75,healthy
images/Image_061.jpg,137,85,271,127,healthy
images/Image_061.jpg,2,54,62,150,healthy
images/Image_061.jpg,5,283,73,381,healthy
images/Image_061.jpg,288,316,416,412,stressed
images/Image_061.jpg,347,209,414,300,stressed
images/Image_061.jpg,73,137,178,230,stressed
images/Image_061.jpg,190,136,276,210,stressed
images/Image_061.jpg,10,237,97,281,stressed
images/Image_061.jpg,10,156,59,229,stressed
images/Image_061.jpg,2,2,105,48,stressed
images/Image_061.jpg,70,50,108,132,stressed
images/Image_061.jpg,98,236,169,337,stressed
images/Image_061.jpg,183,216,311,284,stressed
images/Image_061.jpg,185,297,226,359,healthy
images/Image_061.jpg,293,165,331,205,healthy
images/Image_062.jpg,289,220,410,336,stressed
images/Image_062.jpg,359,115,414,215,stressed
images/Image_062.jpg,290,376,413,412,stressed
images/Image_062.jpg,144,341,265,414,stressed
images/Image_062.jpg,3,336,136,413,stressed
images/Image_062.jpg,6,170,113,232,stressed
images/Image_062.jpg,0,64,49,168,stressed
images/Image_062.jpg,125,168,232,232,stressed
images/Image_062.jpg,76,55,181,144,stressed
images/Image_062.jpg,191,62,318,155,stressed
images/Image_062.jpg,0,0,114,57,healthy
images/Image_062.jpg,125,0,264,49,healthy
images/Image_062.jpg,320,0,413,106,healthy
images/Image_062.jpg,5,236,85,302,healthy
images/Image_062.jpg,149,236,222,296,healthy
images/Image_062.jpg,236,159,330,212,stressed
images/Image_063.jpg,299,151,409,249,stressed
images/Image_063.jpg,267,297,412,411,stressed
images/Image_063.jpg,347,34,416,133,stressed
images/Image_063.jpg,0,6,62,90,stressed
images/Image_063.jpg,88,0,206,66,stressed
images/Image_063.jpg,219,0,341,69,stressed
images/Image_063.jpg,71,68,178,166,stressed
images/Image_063.jpg,0,247,58,363,stressed
images/Image_063.jpg,62,293,171,389,stressed
images/Image_063.jpg,183,290,261,411,stressed
images/Image_063.jpg,252,73,322,137,stressed
images/Image_063.jpg,89,249,250,286,healthy
images/Image_063.jpg,3,124,61,207,healthy
images/Image_063.jpg,185,100,225,189,healthy
images/Image_063.jpg,344,3,406,25,healthy
images/Image_064.jpg,7,6,70,78,healthy
images/Image_064.jpg,280,351,413,416,healthy
images/Image_064.jpg,183,322,272,409,healthy
images/Image_064.jpg,295,78,369,142,healthy
images/Image_064.jpg,169,0,225,76,healthy
images/Image_064.jpg,168,242,216,313,healthy
images/Image_064.jpg,78,133,247,178,healthy
images/Image_064.jpg,74,3,156,53,stressed
images/Image_064.jpg,245,1,321,29,stressed
images/Image_064.jpg,308,41,414,72,stressed
images/Image_064.jpg,373,80,408,130,stressed
images/Image_064.jpg,292,189,404,282,stressed
images/Image_064.jpg,280,288,411,347,stressed
images/Image_064.jpg,226,188,262,309,stressed
images/Image_064.jpg,77,179,219,246,stressed
images/Image_064.jpg,0,137,68,229,stressed
images/Image_064.jpg,3,290,41,372,stressed
images/Image_064.jpg,53,287,144,378,stressed
images/Image_064.jpg,66,245,137,281,stressed
images/Image_064.jpg,352,2,414,36,stressed
images/Image_065.jpg,302,2,404,123,stressed
images/Image_065.jpg,0,261,62,344,stressed
images/Image_065.jpg,1,108,50,214,stressed
images/Image_065.jpg,67,254,151,360,stressed
images/Image_065.jpg,260,147,412,255,stressed
images/Image_065.jpg,236,260,391,316,stressed
images/Image_065.jpg,63,106,170,244,stressed
images/Image_065.jpg,173,110,252,218,stressed
images/Image_065.jpg,6,0,99,79,healthy
images/Image_065.jpg,116,0,246,66,healthy
images/Image_065.jpg,284,329,416,408,healthy
images/Image_065.jpg,165,324,257,397,healthy
images/Image_065.jpg,174,231,227,316,healthy
images/Image_066.jpg,4,340,191,414,stressed
images/Image_066.jpg,0,155,63,275,stressed
images/Image_066.jpg,68,175,141,276,stressed
images/Image_066.jpg,3,34,68,145,stressed
images/Image_066.jpg,72,75,178,168,stressed
images/Image_066.jpg,187,67,257,200,stressed
images/Image_066.jpg,261,137,348,230,stressed
images/Image_066.jpg,357,72,409,196,stressed
images/Image_066.jpg,294,73,353,132,stressed
images/Image_066.jpg,297,0,413,46,healthy
images/Image_066.jpg,71,27,246,61,healthy
images/Image_066.jpg,363,330,413,414,healthy
images/Image_066.jpg,330,235,412,321,healthy
images/Image_066.jpg,170,250,325,311,healthy
images/Image_066.jpg,155,205,251,244,healthy
images/Image_067.jpg,139,317,269,414,stressed
images/Image_067.jpg,341,344,406,411,stressed
images/Image_067.jpg,318,208,410,336,stressed
images/Image_067.jpg,200,208,306,302,stressed
images/Image_067.jpg,1,235,93,372,stressed
images/Image_067.jpg,102,215,184,283,stressed
images/Image_067.jpg,0,139,78,231,stressed
images/Image_067.jpg,81,143,163,207,stressed
images/Image_067.jpg,1,0,108,134,healthy
images/Image_067.jpg,115,0,185,103,healthy
images/Image_067.jpg,293,2,408,192,healthy
images/Image_067.jpg,196,2,290,150,healthy
images/Image_067.jpg,173,156,288,198,healthy
images/Image_069.jpg,7,0,106,61,stressed
images/Image_069.jpg,0,251,125,414,stressed
images/Image_069.jpg,133,298,281,415,stressed
images/Image_069.jpg,329,179,413,293,stressed
images/Image_069.jpg,320,57,414,169,stressed
images/Image_069.jpg,154,139,266,256,stressed
images/Image_069.jpg,0,71,102,205,stressed
images/Image_069.jpg,342,326,411,413,stressed
images/Image_069.jpg,224,42,299,134,stressed
images/Image_069.jpg,112,7,192,127,stressed
images/Image_069.jpg,204,2,406,31,healthy
images/Image_069.jpg,295,288,330,411,healthy
images/Image_070.jpg,49,351,262,411,healthy
images/Image_070.jpg,41,264,97,335,healthy
images/Image_070.jpg,293,193,354,313,healthy
images/Image_070.jpg,353,125,416,170,healthy
images/Image_070.jpg,170,87,244,138,healthy
images/Image_070.jpg,3,1,119,90,stressed
images/Image_070.jpg,164,27,244,79,stressed
images/Image_070.jpg,335,0,413,44,stressed
images/Image_070.jpg,0,134,105,259,stressed
images/Image_070.jpg,0,281,29,350,stressed
images/Image_070.jpg,108,258,260,349,stressed
images/Image_070.jpg,142,172,289,249,stressed
images/Image_070.jpg,270,318,330,414,stressed
images/Image_070.jpg,336,320,413,414,stressed
images/Image_070.jpg,358,210,410,312,stressed
images/Image_070.jpg,251,2,311,94,stressed
images/Image_070.jpg,354,64,409,107,stressed
images/Image_070.jpg,122,1,224,22,stressed
images/Image_071.jpg,156,9,255,120,stressed
images/Image_071.jpg,0,125,108,235,stressed
images/Image_071.jpg,303,201,416,320,stressed
images/Image_071.jpg,270,318,315,415,stressed
images/Image_071.jpg,110,154,293,261,stressed
images/Image_071.jpg,104,266,285,316,stressed
images/Image_071.jpg,331,1,414,80,stressed
images/Image_071.jpg,22,3,89,52,healthy
images/Image_071.jpg,334,89,413,128,healthy
images/Image_071.jpg,135,327,256,409,healthy
images/Image_071.jpg,29,242,89,376,healthy
images/Image_071.jpg,300,130,353,191,healthy
images/Image_071.jpg,378,321,412,410,healthy
images/Image_072.jpg,161,0,255,39,healthy
images/Image_072.jpg,347,0,407,64,healthy
images/Image_072.jpg,1,325,58,416,healthy
images/Image_072.jpg,227,323,296,416,healthy
images/Image_072.jpg,123,251,257,317,healthy
images/Image_072.jpg,29,228,114,313,healthy
images/Image_072.jpg,274,58,363,110,healthy
images/Image_072.jpg,0,29,104,107,stressed
images/Image_072.jpg,2,108,105,167,stressed
images/Image_072.jpg,19,170,99,220,stressed
images/Image_072.jpg,117,123,205,240,stressed
images/Image_072.jpg,155,63,256,116,stressed
images/Image_072.jpg,212,120,286,243,stressed
images/Image_072.jpg,271,249,335,318,stressed
images/Image_072.jpg,345,233,416,331,stressed
images/Image_072.jpg,343,133,416,222,stressed
images/Image_072.jpg,293,119,335,214,stressed
images/Image_073.jpg,7,311,127,410,stressed
images/Image_073.jpg,0,162,62,297,stressed
images/Image_073.jpg,191,352,275,410,stressed
images/Image_073.jpg,288,290,361,412,stressed
images/Image_073.jpg,386,267,412,403,stressed
images/Image_073.jpg,175,224,277,338,stressed
images/Image_073.jpg,77,206,164,299,stressed
images/Image_073.jpg,290,216,363,283,stressed
images/Image_073.jpg,6,8,59,71,healthy
images/Image_073.jpg,67,56,166,200,healthy
images/Image_073.jpg,173,66,270,214,healthy
images/Image_073.jpg,286,117,400,206,healthy
images/Image_073.jpg,98,1,306,59,healthy
images/Image_073.jpg,362,0,412,105,healthy
images/Image_073.jpg,276,67,354,109,healthy
images/Image_074.jpg,266,2,405,106,healthy
images/Image_074.jpg,168,8,257,98,healthy
images/Image_074.jpg,51,1,153,105,healthy
images/Image_074.jpg,3,79,40,191,healthy
images/Image_074.jpg,253,112,378,163,healthy
images/Image_074.jpg,310,237,363,312,healthy
images/Image_074.jpg,204,283,306,358,healthy
images/Image_074.jpg,8,363,238,413,stressed
images/Image_074.jpg,14,224,118,343,stressed
images/Image_074.jpg,43,109,170,218,stressed
images/Image_074.jpg,177,130,248,189,stressed
images/Image_074.jpg,167,195,278,266,stressed
images/Image_074.jpg,280,168,402,225,stressed
images/Image_075.jpg,23,133,122,251,stressed
images/Image_075.jpg,1,295,105,410,stressed
images/Image_075.jpg,382,344,416,407,stressed
images/Image_075.jpg,215,352,378,413,stressed
images/Image_075.jpg,113,339,208,408,stressed
images/Image_075.jpg,103,58,173,132,stressed
images/Image_075.jpg,209,170,264,265,stressed
images/Image_075.jpg,188,66,267,169,stressed
images/Image_075.jpg,280,61,409,144,stressed
images/Image_075.jpg,0,54,73,99,stressed
images/Image_075.jpg,229,0,399,56,healthy
images/Image_075.jpg,8,0,209,38,healthy
images/Image_075.jpg,276,151,357,254,healthy
images/Image_075.jpg,116,280,220,329,healthy
images/Image_075.jpg,139,149,164,198,stressed
images/Image_076.jpg,8,352,108,410,healthy
images/Image_076.jpg,256,327,351,410,healthy
images/Image_076.jpg,31,85,95,142,healthy
images/Image_076.jpg,302,50,351,130,healthy
images/Image_076.jpg,212,109,285,147,healthy
images/Image_076.jpg,155,179,239,242,healthy
images/Image_076.jpg,24,34,117,82,stressed
images/Image_076.jpg,0,2,43,24,stressed
images/Image_076.jpg,82,2,176,26,stressed
images/Image_076.jpg,188,0,277,94,stressed
images/Image_076.jpg,284,1,406,47,stressed
images/Image_076.jpg,384,234,413,295,stressed
images/Image_076.jpg,250,240,367,322,stressed
images/Image_076.jpg,366,330,398,407,stressed
images/Image_076.jpg,210,335,250,405,stressed
images/Image_076.jpg,124,340,174,407,stressed
images/Image_076.jpg,3,190,87,341,stressed
images/Image_076.jpg,90,182,149,303,stressed
images/Image_076.jpg,162,246,241,321,stressed
images/Image_076.jpg,141,49,166,93,stressed
images/Image_078.jpg,34,0,121,38,healthy
images/Image_078.jpg,206,0,330,61,healthy
images/Image_078.jpg,86,358,160,411,healthy
images/Image_078.jpg,7,243,119,325,healthy
images/Image_078.jpg,386,267,413,359,healthy
images/Image_078.jpg,265,235,366,343,healthy
images/Image_078.jpg,156,59,229,139,healthy
images/Image_078.jpg,4,122,82,226,stressed
images/Image_078.jpg,129,232,188,308,stressed
images/Image_078.jpg,209,218,259,292,stressed
images/Image_078.jpg,389,124,416,184,stressed
images/Image_078.jpg,276,145,386,224,stressed
images/Image_078.jpg,224,144,266,205,stressed
images/Image_078.jpg,87,84,146,211,stressed
images/Image_078.jpg,150,150,207,184,stressed
images/Image_080.jpg,8,0,104,110,healthy
images/Image_080.jpg,2,118,81,163,healthy
images/Image_080.jpg,6,231,92,336,healthy
images/Image_080.jpg,114,23,169,108,healthy
images/Image_080.jpg,198,3,278,128,healthy
images/Image_080.jpg,369,6,414,130,healthy
images/Image_080.jpg,288,76,350,140,healthy
images/Image_080.jpg,285,1,363,32,healthy
images/Image_080.jpg,105,156,177,229,stressed
images/Image_080.jpg,186,209,236,302,stressed
images/Image_080.jpg,244,189,315,269,stressed
images/Image_080.jpg,151,308,230,388,stressed
images/Image_080.jpg,242,274,295,383,stressed
images/Image_080.jpg,306,316,415,411,stressed
images/Image_080.jpg,321,223,411,298,stressed
images/Image_080.jpg,0,156,99,229,stressed
images/Image_081.jpg,0,349,95,414,stressed
images/Image_081.jpg,104,340,180,416,stressed
images/Image_081.jpg,281,389,325,411,stressed
images/Image_081.jpg,307,224,414,317,stressed
images/Image_081.jpg,327,139,409,218,stressed
images/Image_081.jpg,243,107,316,178,stressed
images/Image_081.jpg,241,188,298,285,stressed
images/Image_081.jpg,164,215,232,278,stressed
images/Image_081.jpg,183,116,236,206,stressed
images/Image_081.jpg,94,72,179,147,stressed
images/Image_081.jpg,0,63,86,147,stressed
images/Image_081.jpg,3,0,110,52,healthy
images/Image_081.jpg,119,0,158,34,healthy
images/Image_081.jpg,191,0,319,55,healthy
images/Image_081.jpg,332,0,413,39,healthy
images/Image_081.jpg,2,151,85,269,healthy
images/Image_081.jpg,191,351,256,411,healthy
images/Image_081.jpg,390,43,416,97,healthy
images/Image_082.jpg,0,107,52,171,healthy
images/Image_082.jpg,15,36,83,95,healthy
images/Image_082.jpg,158,241,272,308,healthy
images/Image_082.jpg,96,367,169,411,healthy
images/Image_082.jpg,2,338,91,411,healthy
images/Image_082.jpg,387,290,414,390,stressed
images/Image_082.jpg,291,284,345,376,stressed
images/Image_082.jpg,177,325,288,411,stressed
images/Image_082.jpg,0,249,98,330,stressed
images/Image_082.jpg,103,229,145,300,stressed
images/Image_082.jpg,2,0,112,31,stressed
images/Image_082.jpg,391,62,416,113,stressed
images/Image_082.jpg,313,115,412,211,stressed
images/Image_082.jpg,334,22,387,118,stressed
images/Image_082.jpg,230,0,327,78,stressed
images/Image_082.jpg,235,84,308,183,stressed
images/Image_082.jpg,151,117,229,188,stressed
images/Image_082.jpg,131,2,219,100,stressed
images/Image_083.jpg,385,259,416,351,stressed
images/Image_083.jpg,290,251,366,341,stressed
images/Image_083.jpg,0,205,102,308,stressed
images/Image_083.jpg,108,199,163,276,stressed
images/Image_083.jpg,236,378,338,414,stressed
images/Image_083.jpg,191,299,281,369,stressed
images/Image_083.jpg,0,315,119,367,stressed
images/Image_083.jpg,382,86,416,158,stressed
images/Image_083.jpg,302,95,380,189,stressed
images/Image_083.jpg,154,87,238,170,stressed
images/Image_083.jpg,156,0,231,72,stressed
images/Image_083.jpg,338,8,414,77,stressed
images/Image_083.jpg,245,0,318,87,stressed
images/Image_083.jpg,255,89,288,152,stressed
images/Image_083.jpg,14,0,105,27,stressed
images/Image_083.jpg,0,76,56,135,healthy
images/Image_083.jpg,11,32,95,72,healthy
images/Image_083.jpg,0,374,104,411,healthy
images/Image_083.jpg,112,372,206,412,healthy
images/Image_083.jpg,170,219,267,288,healthy
images/Image_084.jpg,164,134,262,207,healthy
images/Image_084.jpg,0,2,69,59,healthy
images/Image_084.jpg,108,271,196,377,healthy
images/Image_084.jpg,0,237,95,345,healthy
images/Image_084.jpg,2,129,94,230,stressed
images/Image_084.jpg,98,117,159,193,stressed
images/Image_084.jpg,230,291,335,386,stressed
images/Image_084.jpg,391,175,416,278,stressed
images/Image_084.jpg,288,175,368,258,stressed
images/Image_084.jpg,205,224,285,287,stressed
images/Image_084.jpg,99,193,146,238,stressed
images/Image_084.jpg,153,7,227,86,stressed
images/Image_084.jpg,240,0,308,75,stressed
images/Image_084.jpg,316,3,415,89,stressed
images/Image_085.jpg,325,340,414,416,stressed
images/Image_085.jpg,208,311,316,416,stressed
images/Image_085.jpg,112,311,206,416,stressed
images/Image_085.jpg,1,297,107,416,stressed
images/Image_085.jpg,9,112,80,161,stressed
images/Image_085.jpg,0,0,76,96,healthy
images/Image_085.jpg,83,0,187,94,healthy
images/Image_085.jpg,196,0,302,87,healthy
images/Image_085.jpg,306,1,415,93,healthy
images/Image_085.jpg,300,97,406,209,healthy
images/Image_085.jpg,193,87,290,189,healthy
images/Image_085.jpg,86,94,193,182,healthy
images/Image_085.jpg,299,211,411,311,healthy
images/Image_085.jpg,204,198,290,292,healthy
images/Image_085.jpg,130,193,196,263,healthy
images/Image_085.jpg,2,173,53,232,healthy
images/Image_086.jpg,293,0,413,83,healthy
images/Image_086.jpg,295,87,410,220,healthy
images/Image_086.jpg,171,3,281,78,healthy
images/Image_086.jpg,206,84,283,213,healthy
images/Image_086.jpg,141,90,200,186,healthy
images/Image_086.jpg,94,3,161,72,healthy
images/Image_086.jpg,95,72,140,121,healthy
images/Image_086.jpg,0,79,61,140,healthy
images/Image_086.jpg,333,356,406,415,healthy
images/Image_086.jpg,259,330,317,410,healthy
images/Image_086.jpg,295,241,362,331,healthy
images/Image_086.jpg,0,205,70,285,stressed
images/Image_086.jpg,33,325,93,411,stressed
images/Image_086.jpg,0,295,28,369,stressed
images/Image_086.jpg,176,321,252,413,stressed
images/Image_086.jpg,96,331,175,381,stressed
images/Image_086.jpg,122,228,205,317,stressed
images/Image_086.jpg,80,223,113,288,stressed
images/Image_086.jpg,8,25,74,77,stressed
images/Image_086.jpg,212,225,290,318,stressed
images/Image_086.jpg,370,269,413,352,stressed
images/Image_087.jpg,0,102,61,202,stressed
images/Image_087.jpg,39,212,101,321,stressed
images/Image_087.jpg,0,212,25,291,stressed
images/Image_087.jpg,68,135,112,197,stressed
images/Image_087.jpg,186,279,244,338,stressed
images/Image_087.jpg,108,213,176,297,stressed
images/Image_087.jpg,225,359,321,414,stressed
images/Image_087.jpg,18,391,56,416,stressed
images/Image_087.jpg,96,387,180,416,stressed
images/Image_087.jpg,120,141,197,211,stressed
images/Image_087.jpg,212,148,290,219,stressed
images/Image_087.jpg,182,222,247,271,stressed
images/Image_087.jpg,356,183,416,257,stressed
images/Image_087.jpg,353,270,416,342,stressed
images/Image_087.jpg,2,0,66,57,healthy
images/Image_087.jpg,77,0,132,38,healthy
images/Image_087.jpg,137,17,189,113,healthy
images/Image_087.jpg,207,0,287,122,healthy
images/Image_087.jpg,293,57,412,143,healthy
images/Image_087.jpg,293,2,412,50,healthy
images/Image_087.jpg,308,154,349,219,healthy
images/Image_087.jpg,258,227,342,312,healthy
images/Image_088.jpg,315,0,410,22,healthy
images/Image_088.jpg,204,0,303,25,healthy
images/Image_088.jpg,251,127,317,211,healthy
images/Image_088.jpg,326,167,413,246,healthy
images/Image_088.jpg,301,49,344,127,healthy
images/Image_088.jpg,11,280,80,381,stressed
images/Image_088.jpg,119,290,214,395,stressed
images/Image_088.jpg,384,338,413,414,stressed
images/Image_088.jpg,325,343,376,416,stressed
images/Image_088.jpg,246,255,318,347,stressed
images/Image_088.jpg,223,347,315,416,stressed
images/Image_088.jpg,163,119,243,218,stressed
images/Image_088.jpg,151,38,219,113,stressed
images/Image_088.jpg,225,33,293,115,stressed
images/Image_088.jpg,349,67,413,163,stressed
images/Image_088.jpg,0,4,52,89,stressed
images/Image_088.jpg,67,37,149,114,stressed
images/Image_088.jpg,0,99,38,187,stressed
images/Image_088.jpg,47,119,159,212,stressed
images/Image_090.jpg,355,2,416,60,healthy
images/Image_090.jpg,352,62,409,139,healthy
images/Image_090.jpg,261,1,348,71,healthy
images/Image_090.jpg,272,76,347,125,healthy
images/Image_090.jpg,175,52,256,121,stressed
images/Image_090.jpg,172,1,244,42,stressed
images/Image_090.jpg,105,0,165,80,stressed
images/Image_090.jpg,35,15,94,106,stressed
images/Image_090.jpg,1,0,31,64,stressed
images/Image_090.jpg,8,169,77,269,stressed
images/Image_090.jpg,0,302,66,374,stressed
images/Image_090.jpg,112,187,215,275,stressed
images/Image_090.jpg,160,288,243,409,stressed
images/Image_090.jpg,243,154,327,236,stressed
images/Image_090.jpg,278,352,416,411,stressed
images/Image_090.jpg,317,244,413,347,stressed
images/Image_090.jpg,250,245,307,340,stressed
images/Image_091.jpg,107,360,271,411,stressed
images/Image_091.jpg,353,340,416,406,stressed
images/Image_091.jpg,399,251,416,300,stressed
images/Image_091.jpg,215,289,264,355,stressed
images/Image_091.jpg,370,2,416,73,stressed
images/Image_091.jpg,341,77,416,178,stressed
images/Image_091.jpg,313,11,366,67,stressed
images/Image_091.jpg,214,21,312,55,stressed
images/Image_091.jpg,245,72,330,165,stressed
images/Image_091.jpg,194,169,297,242,stressed
images/Image_091.jpg,155,66,236,155,stressed
images/Image_091.jpg,78,43,142,124,stressed
images/Image_091.jpg,0,127,113,183,stressed
images/Image_091.jpg,0,3,63,114,healthy
images/Image_091.jpg,0,255,100,330,healthy
images/Image_091.jpg,36,189,123,246,healthy
images/Image_091.jpg,0,356,95,412,healthy
images/Image_091.jpg,267,243,385,309,healthy
images/Image_091.jpg,272,309,344,349,healthy
images/Image_092.jpg,345,0,413,67,healthy
images/Image_092.jpg,0,121,98,206,healthy
images/Image_092.jpg,46,24,122,114,healthy
images/Image_092.jpg,279,137,376,221,healthy
images/Image_092.jpg,0,245,88,324,healthy
images/Image_092.jpg,298,295,393,394,healthy
images/Image_092.jpg,228,312,294,416,healthy
images/Image_092.jpg,170,334,223,416,healthy
images/Image_092.jpg,197,48,287,123,stressed
images/Image_092.jpg,162,0,246,43,stressed
images/Image_092.jpg,252,2,340,49,stressed
images/Image_092.jpg,7,0,40,96,stressed
images/Image_092.jpg,55,0,144,22,stressed
images/Image_092.jpg,379,131,416,218,stressed
images/Image_092.jpg,336,229,416,293,stressed
images/Image_092.jpg,210,159,274,229,stressed
images/Image_092.jpg,99,241,193,324,stressed
images/Image_092.jpg,103,331,166,416,stressed
images/Image_092.jpg,0,333,84,414,stressed
images/Image_092.jpg,198,234,265,303,stressed
images/Image_092.jpg,151,46,191,82,stressed
images/Image_093.jpg,0,351,151,411,stressed
images/Image_093.jpg,71,294,144,346,stressed
images/Image_093.jpg,204,348,379,416,stressed
images/Image_093.jpg,254,257,347,329,stressed
images/Image_093.jpg,358,193,416,297,stressed
images/Image_093.jpg,1,59,90,154,stressed
images/Image_093.jpg,61,158,132,256,stressed
images/Image_093.jpg,97,21,181,144,stressed
images/Image_093.jpg,199,95,281,201,stressed
images/Image_093.jpg,139,149,187,211,stressed
images/Image_093.jpg,188,3,239,85,stressed
images/Image_093.jpg,343,37,408,134,stressed
images/Image_093.jpg,286,77,336,126,stressed
images/Image_093.jpg,249,0,340,64,stressed
images/Image_093.jpg,370,1,416,21,stressed
images/Image_093.jpg,2,174,49,216,stressed
images/Image_093.jpg,154,245,250,344,healthy
images/Image_094.jpg,186,340,287,416,healthy
images/Image_094.jpg,168,185,271,285,healthy
images/Image_094.jpg,93,96,201,161,stressed
images/Image_094.jpg,45,2,122,88,stressed
images/Image_094.jpg,4,0,37,62,stressed
images/Image_094.jpg,0,107,19,200,stressed
images/Image_094.jpg,37,107,83,140,stressed
images/Image_094.jpg,360,0,416,52,stressed
images/Image_094.jpg,304,1,353,54,stressed
images/Image_094.jpg,219,21,305,122,stressed
images/Image_094.jpg,130,0,209,87,stressed
images/Image_094.jpg,289,183,375,265,stressed
images/Image_094.jpg,99,217,163,299,stressed
images/Image_094.jpg,387,131,416,218,stressed
images/Image_094.jpg,320,293,412,382,stressed
images/Image_094.jpg,239,267,316,333,stressed
images/Image_094.jpg,98,298,174,352,stressed
images/Image_094.jpg,91,357,177,413,stressed
images/Image_094.jpg,1,280,83,412,stressed
images/Image_095.jpg,338,168,416,251,stressed
images/Image_095.jpg,354,26,416,164,stressed
images/Image_095.jpg,300,64,357,160,stressed
images/Image_095.jpg,200,46,297,136,stressed
images/Image_095.jpg,193,138,264,179,stressed
images/Image_095.jpg,0,178,42,260,stressed
images/Image_095.jpg,52,152,141,230,stressed
images/Image_095.jpg,115,90,190,149,stressed
images/Image_095.jpg,347,291,416,349,stressed
images/Image_095.jpg,316,349,415,416,stressed
images/Image_095.jpg,225,363,318,413,stressed
images/Image_095.jpg,156,362,224,416,healthy
images/Image_095.jpg,114,335,149,416,healthy
images/Image_095.jpg,73,377,104,416,healthy
images/Image_095.jpg,0,302,62,411,healthy
images/Image_095.jpg,0,0,69,124,healthy
images/Image_095.jpg,71,0,112,128,healthy
images/Image_095.jpg,127,0,192,78,healthy
images/Image_095.jpg,198,0,269,15,healthy
images/Image_095.jpg,181,183,260,251,healthy
images/Image_095.jpg,135,252,239,328,healthy
images/Image_096.jpg,211,0,322,67,healthy
images/Image_096.jpg,102,0,191,70,healthy
images/Image_096.jpg,3,0,91,66,healthy
images/Image_096.jpg,137,73,230,201,healthy
images/Image_096.jpg,79,70,128,203,healthy
images/Image_096.jpg,0,59,40,135,healthy
images/Image_096.jpg,6,138,71,209,healthy
images/Image_096.jpg,0,214,132,282,healthy
images/Image_096.jpg,0,285,109,415,healthy
images/Image_096.jpg,278,305,386,408,healthy
images/Image_096.jpg,265,215,340,298,healthy
images/Image_096.jpg,349,10,416,80,stressed
images/Image_096.jpg,341,86,416,182,stressed
images/Image_096.jpg,256,88,340,206,stressed
images/Image_096.jpg,140,205,250,275,stressed
images/Image_096.jpg,138,277,264,335,stressed
images/Image_096.jpg,113,338,223,412,stressed
images/Image_096.jpg,363,196,413,225,stressed
images/Image_097.jpg,349,145,416,228,stressed
images/Image_097.jpg,328,233,415,315,stressed
images/Image_097.jpg,254,240,317,309,stressed
images/Image_097.jpg,352,326,398,378,stressed
images/Image_097.jpg,194,315,284,409,stressed
images/Image_097.jpg,231,47,309,97,stressed
images/Image_097.jpg,109,76,146,205,stressed
images/Image_097.jpg,374,0,412,44,healthy
images/Image_097.jpg,234,1,354,36,healthy
images/Image_097.jpg,215,106,286,201,healthy
images/Image_097.jpg,150,1,224,88,healthy
images/Image_097.jpg,150,94,209,164,healthy
images/Image_097.jpg,0,0,142,68,healthy
images/Image_097.jpg,0,68,89,137,healthy
images/Image_097.jpg,0,145,91,196,healthy
images/Image_097.jpg,0,201,46,279,healthy
images/Image_097.jpg,0,283,114,414,healthy
images/Image_097.jpg,118,314,184,411,healthy
images/Image_097.jpg,125,214,235,310,healthy
images/Image_097.jpg,49,206,117,274,healthy
images/Image_097.jpg,156,174,195,214,healthy
images/Image_097.jpg,293,350,341,413,healthy
images/Image_098.jpg,137,229,227,302,healthy
images/Image_098.jpg,119,304,194,412,healthy
images/Image_098.jpg,198,302,241,381,healthy
images/Image_098.jpg,73,0,201,54,healthy
images/Image_098.jpg,0,0,63,57,healthy
images/Image_098.jpg,2,57,81,145,healthy
images/Image_098.jpg,0,150,110,209,healthy
images/Image_098.jpg,2,208,118,272,healthy
images/Image_098.jpg,0,273,116,359,stressed
images/Image_098.jpg,0,359,84,412,stressed
images/Image_098.jpg,362,3,413,108,stressed
images/Image_098.jpg,294,0,354,52,stressed
images/Image_098.jpg,225,13,288,87,stressed
images/Image_098.jpg,301,61,359,133,stressed
images/Image_098.jpg,293,138,349,242,stressed
images/Image_098.jpg,185,90,282,165,stressed
images/Image_098.jpg,119,91,179,218,stressed
images/Image_098.jpg,327,326,413,416,stressed
images/Image_098.jpg,286,363,326,413,stressed
images/Image_098.jpg,344,262,416,322,stressed
images/Image_098.jpg,390,179,414,257,stressed
images/Image_098.jpg,203,173,239,216,stressed
images/Image_099.jpg,336,327,415,416,stressed
images/Image_099.jpg,287,362,330,416,stressed
images/Image_099.jpg,340,263,416,321,stressed
images/Image_099.jpg,389,183,414,261,stressed
images/Image_099.jpg,305,1,403,37,stressed
images/Image_099.jpg,219,19,298,85,stressed
images/Image_099.jpg,193,85,287,170,stressed
images/Image_099.jpg,292,141,353,222,stressed
images/Image_099.jpg,298,45,382,138,stressed
images/Image_099.jpg,387,40,414,101,stressed
images/Image_099.jpg,117,92,186,183,stressed
images/Image_099.jpg,215,186,260,234,stressed
images/Image_099.jpg,54,194,139,247,stressed
images/Image_099.jpg,61,251,122,349,stressed
images/Image_099.jpg,2,280,62,413,stressed
images/Image_099.jpg,72,0,170,62,healthy
images/Image_099.jpg,3,0,62,59,healthy
images/Image_099.jpg,0,66,85,184,healthy
images/Image_099.jpg,0,187,38,266,healthy
images/Image_099.jpg,132,316,241,413,healthy
images/Image_099.jpg,144,214,219,313,healthy
images/Image_100.jpg,0,335,43,408,healthy
images/Image_100.jpg,48,333,93,386,healthy
images/Image_100.jpg,1,237,87,327,healthy
images/Image_100.jpg,1,0,39,54,healthy
images/Image_100.jpg,342,345,416,414,healthy
images/Image_100.jpg,370,279,413,341,healthy
images/Image_100.jpg,291,358,341,413,healthy
images/Image_100.jpg,265,245,329,297,healthy
images/Image_100.jpg,270,171,352,239,healthy
images/Image_100.jpg,397,38,416,99,healthy
images/Image_100.jpg,354,124,416,203,stressed
images/Image_100.jpg,372,206,413,271,stressed
images/Image_100.jpg,205,260,261,321,stressed
images/Image_100.jpg,198,329,283,416,stressed
images/Image_100.jpg,147,366,191,416,stressed
images/Image_100.jpg,2,93,48,228,stressed
images/Image_100.jpg,54,85,123,182,stressed
images/Image_100.jpg,127,127,210,231,stressed
images/Image_100.jpg,133,83,255,123,stressed
images/Image_100.jpg,77,9,150,80,stressed
images/Image_100.jpg,234,0,310,82,stressed
images/Image_100.jpg,162,0,234,76,stressed
images/Image_101.jpg,4,0,132,130,healthy
images/Image_101.jpg,0,134,118,262,healthy
images/Image_101.jpg,0,266,132,413,healthy
images/Image_101.jpg,136,267,277,410,healthy
images/Image_101.jpg,122,134,269,261,healthy
images/Image_101.jpg,156,3,293,128,healthy
images/Image_101.jpg,292,2,414,128,healthy
images/Image_101.jpg,284,375,358,415,healthy
images/Image_101.jpg,285,297,330,362,healthy
images/Image_101.jpg,333,239,399,330,healthy
images/Image_101.jpg,283,132,322,290,healthy
images/Image_101.jpg,329,127,412,235,healthy
images/Image_102.jpg,0,0,141,120,healthy
images/Image_102.jpg,0,121,160,265,healthy
images/Image_102.jpg,0,267,155,414,healthy
images/Image_102.jpg,166,229,334,413,healthy
images/Image_102.jpg,349,298,410,416,healthy
images/Image_102.jpg,338,155,408,286,healthy
images/Image_102.jpg,236,90,333,227,healthy
images/Image_102.jpg,274,0,366,92,healthy
images/Image_102.jpg,152,0,251,49,healthy
images/Image_102.jpg,370,71,413,155,stressed
images/Image_102.jpg,164,52,228,161,stressed
images/Image_105.jpg,2,0,125,136,healthy
images/Image_105.jpg,0,138,88,255,healthy
images/Image_105.jpg,0,261,79,328,healthy
images/Image_105.jpg,0,355,33,413,healthy
images/Image_105.jpg,343,129,416,204,healthy
images/Image_105.jpg,384,84,414,129,healthy
images/Image_105.jpg,375,227,416,337,healthy
images/Image_105.jpg,367,364,416,413,stressed
images/Image_105.jpg,201,335,292,413,stressed
images/Image_105.jpg,99,338,198,413,stressed
images/Image_105.jpg,117,243,191,344,stressed
images/Image_105.jpg,198,272,261,333,stressed
images/Image_105.jpg,202,195,303,265,stressed
images/Image_105.jpg,112,137,182,233,stressed
images/Image_105.jpg,180,0,258,34,stressed
images/Image_105.jpg,261,17,333,122,stressed
images/Image_105.jpg,143,36,252,121,stressed
images/Image_105.jpg,193,125,293,196,stressed
images/Image_106.jpg,2,369,102,416,stressed
images/Image_106.jpg,105,372,212,416,stressed
images/Image_106.jpg,34,286,174,357,stressed
images/Image_106.jpg,203,0,275,125,stressed
images/Image_106.jpg,96,0,195,42,stressed
images/Image_106.jpg,98,42,188,115,stressed
images/Image_106.jpg,144,123,184,154,stressed
images/Image_106.jpg,34,70,94,149,stressed
images/Image_106.jpg,100,119,144,152,stressed
images/Image_106.jpg,34,155,117,280,stressed
images/Image_106.jpg,330,181,412,327,stressed
images/Image_106.jpg,316,108,396,171,stressed
images/Image_106.jpg,7,0,53,36,healthy
images/Image_106.jpg,0,42,21,84,healthy
images/Image_106.jpg,0,151,30,310,healthy
images/Image_106.jpg,178,294,236,354,healthy
images/Image_106.jpg,185,198,256,288,healthy
images/Image_106.jpg,119,175,177,269,healthy
images/Image_106.jpg,320,0,401,37,healthy
images/Image_106.jpg,325,37,404,104,healthy
images/Image_106.jpg,334,336,416,412,healthy
images/Image_106.jpg,285,298,331,416,healthy
images/Image_106.jpg,229,354,279,414,healthy
images/Image_107.jpg,264,353,345,416,stressed
images/Image_107.jpg,382,364,415,416,stressed
images/Image_107.jpg,305,198,361,327,stressed
images/Image_107.jpg,262,266,292,326,stressed
images/Image_107.jpg,98,331,183,414,stressed
images/Image_107.jpg,0,334,87,411,stressed
images/Image_107.jpg,3,237,82,330,stressed
images/Image_107.jpg,90,257,154,323,stressed
images/Image_107.jpg,133,191,190,258,stressed
images/Image_107.jpg,85,218,129,252,stressed
images/Image_107.jpg,1,148,78,233,stressed
images/Image_107.jpg,165,11,215,84,stressed
images/Image_107.jpg,46,0,132,84,stressed
images/Image_107.jpg,239,123,312,195,stressed
images/Image_107.jpg,373,183,416,222,stressed
images/Image_107.jpg,317,112,371,163,stressed
images/Image_107.jpg,16,89,97,131,healthy
images/Image_107.jpg,100,90,174,183,healthy
images/Image_107.jpg,307,0,415,54,healthy
images/Image_107.jpg,329,59,414,109,healthy
images/Image_108.jpg,216,6,288,113,healthy
images/Image_108.jpg,53,274,154,355,healthy
images/Image_108.jpg,33,181,127,270,healthy
images/Image_108.jpg,363,77,416,176,healthy
images/Image_108.jpg,353,186,412,296,healthy
images/Image_108.jpg,129,358,198,416,healthy
images/Image_108.jpg,204,356,280,381,healthy
images/Image_108.jpg,175,305,224,352,healthy
images/Image_108.jpg,295,0,409,67,stressed
images/Image_108.jpg,201,118,274,161,stressed
images/Image_108.jpg,95,0,173,123,stressed
images/Image_108.jpg,3,0,90,109,stressed
images/Image_108.jpg,32,124,99,154,stressed
images/Image_108.jpg,0,284,50,346,stressed
images/Image_108.jpg,0,156,29,266,stressed
images/Image_108.jpg,8,375,69,415,stressed
images/Image_108.jpg,290,364,413,414,stressed
images/Image_108.jpg,223,164,352,255,stressed
images/Image_108.jpg,220,262,319,352,stressed
images/Image_108.jpg,330,298,402,340,stressed
images/Image_108.jpg,278,119,320,158,stressed
images/Image_110.jpg,0,0,87,119,stressed
images/Image_110.jpg,0,135,29,170,stressed
images/Image_110.jpg,229,372,322,416,stressed
images/Image_110.jpg,119,359,169,414,stressed
images/Image_110.jpg,119,236,244,302,stressed
images/Image_110.jpg,170,163,246,232,stressed
images/Image_110.jpg,122,106,196,160,stressed
images/Image_110.jpg,215,1,316,77,stressed
images/Image_110.jpg,155,305,206,355,stressed
images/Image_110.jpg,0,199,66,305,healthy
images/Image_110.jpg,0,307,61,349,healthy
images/Image_110.jpg,34,353,111,414,healthy
images/Image_110.jpg,129,3,204,97,healthy
images/Image_110.jpg,327,0,387,41,healthy
images/Image_110.jpg,259,80,376,167,healthy
images/Image_110.jpg,255,169,353,229,healthy
images/Image_110.jpg,246,233,336,325,healthy
images/Image_110.jpg,326,383,415,416,healthy
images/Image_110.jpg,177,356,225,413,healthy
images/Image_110.jpg,80,300,145,349,healthy
images/Image_110.jpg,324,48,364,75,healthy
images/Image_110.jpg,257,327,312,368,healthy
images/Image_109.jpg,2,0,56,81,healthy
images/Image_109.jpg,0,83,48,202,healthy
images/Image_109.jpg,53,119,104,178,healthy
images/Image_109.jpg,58,19,142,112,healthy
images/Image_109.jpg,215,1,292,28,healthy
images/Image_109.jpg,295,368,370,416,stressed
images/Image_109.jpg,175,353,270,412,stressed
images/Image_109.jpg,7,332,107,416,stressed
images/Image_109.jpg,0,276,68,330,stressed
images/Image_109.jpg,0,203,113,275,stressed
images/Image_109.jpg,59,178,104,198,stressed
images/Image_109.jpg,173,260,315,332,stressed
images/Image_109.jpg,212,209,278,260,stressed
images/Image_109.jpg,155,127,280,206,stressed
images/Image_109.jpg,317,220,412,276,stressed
images/Image_109.jpg,361,166,416,211,stressed
images/Image_109.jpg,281,188,353,223,stressed
images/Image_109.jpg,286,95,414,168,stressed
images/Image_109.jpg,298,2,404,87,stressed
images/Image_109.jpg,210,34,280,121,stressed
images/Image_111.jpg,356,165,416,257,stressed
images/Image_111.jpg,369,56,416,132,stressed
images/Image_111.jpg,260,124,355,247,stressed
images/Image_111.jpg,200,144,256,210,stressed
images/Image_111.jpg,128,188,202,276,stressed
images/Image_111.jpg,129,110,198,179,stressed
images/Image_111.jpg,195,64,246,140,stressed
images/Image_111.jpg,252,62,297,123,stressed
images/Image_111.jpg,87,0,173,104,stressed
images/Image_111.jpg,295,335,408,416,stressed
images/Image_111.jpg,190,327,290,416,stressed
images/Image_111.jpg,0,111,117,195,stressed
images/Image_111.jpg,0,8,79,101,stressed
images/Image_111.jpg,6,352,51,416,healthy
images/Image_111.jpg,56,344,183,416,healthy
images/Image_111.jpg,19,292,160,335,healthy
images/Image_111.jpg,183,12,290,55,healthy
images/Image_112.jpg,5,247,162,413,healthy
images/Image_112.jpg,173,246,330,416,healthy
images/Image_112.jpg,330,174,416,405,healthy
images/Image_112.jpg,258,100,320,242,healthy
images/Image_112.jpg,155,64,245,237,healthy
images/Image_112.jpg,0,54,146,239,healthy
images/Image_112.jpg,336,0,413,78,stressed
images/Image_112.jpg,146,0,336,46,stressed
images/Image_112.jpg,2,0,138,34,stressed
images/Image_113.jpg,236,147,328,252,stressed
images/Image_113.jpg,149,136,225,246,stressed
images/Image_113.jpg,93,134,146,205,stressed
images/Image_113.jpg,0,164,94,283,stressed
images/Image_113.jpg,0,19,58,164,stressed
images/Image_113.jpg,261,51,383,132,stressed
images/Image_113.jpg,89,318,183,416,stressed
images/Image_113.jpg,186,320,326,416,stressed
images/Image_113.jpg,330,132,416,214,stressed
images/Image_113.jpg,66,7,177,117,stressed
images/Image_113.jpg,61,122,91,158,stressed
images/Image_113.jpg,0,296,84,414,healthy
images/Image_113.jpg,338,345,416,411,healthy
images/Image_113.jpg,330,218,415,302,healthy
images/Image_113.jpg,392,53,416,127,healthy
images/Image_114.jpg,363,8,416,98,stressed
images/Image_114.jpg,278,0,355,93,stressed
images/Image_114.jpg,231,0,267,64,stressed
images/Image_114.jpg,128,1,225,50,stressed
images/Image_114.jpg,2,0,118,54,stressed
images/Image_114.jpg,265,211,330,248,stressed
images/Image_114.jpg,2,244,130,413,healthy
images/Image_114.jpg,133,278,260,412,healthy
images/Image_114.jpg,269,255,413,406,healthy
images/Image_114.jpg,1,70,100,241,healthy
images/Image_114.jpg,135,236,256,278,healthy
images/Image_114.jpg,105,94,209,235,healthy
images/Image_114.jpg,220,173,257,227,healthy
images/Image_114.jpg,340,138,411,250,healthy
images/Image_114.jpg,266,151,334,206,healthy
images/Image_115.jpg,301,42,406,149,healthy
images/Image_115.jpg,264,52,296,133,healthy
images/Image_115.jpg,230,216,338,296,healthy
images/Image_115.jpg,38,136,107,261,stressed
images/Image_115.jpg,0,144,34,220,stressed
images/Image_115.jpg,0,17,71,113,stressed
images/Image_115.jpg,153,51,254,131,stressed
images/Image_115.jpg,140,173,212,264,stressed
images/Image_115.jpg,213,135,261,206,stressed
images/Image_115.jpg,267,145,301,196,stressed
images/Image_115.jpg,341,246,397,325,stressed
images/Image_115.jpg,394,235,413,270,stressed
images/Image_115.jpg,371,154,415,232,stressed
images/Image_115.jpg,205,343,363,414,stressed
images/Image_115.jpg,1,311,61,412,stressed
images/Image_115.jpg,66,350,115,406,stressed
images/Image_115.jpg,123,331,191,413,stressed
images/Image_116.jpg,7,0,119,54,stressed
images/Image_116.jpg,122,0,191,78,stressed
images/Image_116.jpg,195,0,264,104,stressed
images/Image_116.jpg,271,0,315,97,stressed
images/Image_116.jpg,322,45,376,163,stressed
images/Image_116.jpg,384,0,416,114,stressed
images/Image_116.jpg,0,245,98,412,healthy
images/Image_116.jpg,100,262,256,410,healthy
images/Image_116.jpg,261,265,414,413,healthy
images/Image_116.jpg,3,68,94,236,healthy
images/Image_116.jpg,98,179,137,255,healthy
images/Image_116.jpg,144,137,308,254,healthy
images/Image_116.jpg,327,173,410,260,healthy
images/Image_116.jpg,383,125,412,167,healthy
images/Image_117.jpg,180,57,275,156,healthy
images/Image_117.jpg,283,39,363,165,healthy
images/Image_117.jpg,374,70,416,196,healthy
images/Image_117.jpg,122,214,216,293,healthy
images/Image_117.jpg,291,169,367,196,healthy
images/Image_117.jpg,325,358,416,416,healthy
images/Image_117.jpg,0,318,100,413,stressed
images/Image_117.jpg,108,341,156,416,stressed
images/Image_117.jpg,160,345,233,416,stressed
images/Image_117.jpg,21,161,107,251,stressed
images/Image_117.jpg,40,53,158,131,stressed
images/Image_117.jpg,222,216,282,318,stressed
images/Image_117.jpg,107,136,183,203,stressed
images/Image_117.jpg,345,200,414,305,stressed
images/Image_117.jpg,288,205,339,293,stressed
images/Image_117.jpg,247,175,283,214,stressed
images/Image_118.jpg,0,7,139,100,stressed
images/Image_118.jpg,145,0,191,96,stressed
images/Image_118.jpg,194,0,252,165,stressed
images/Image_118.jpg,257,0,308,117,stressed
images/Image_118.jpg,316,0,413,119,stressed
images/Image_118.jpg,0,274,150,416,healthy
images/Image_118.jpg,0,137,193,272,healthy
images/Image_118.jpg,158,275,288,411,healthy
images/Image_118.jpg,297,342,414,413,healthy
images/Image_118.jpg,296,242,414,343,healthy
images/Image_118.jpg,302,133,414,239,healthy
images/Image_118.jpg,208,174,289,267,healthy
images/Image_118.jpg,266,124,311,170,healthy
images/Image_119.jpg,0,338,130,412,stressed
images/Image_119.jpg,127,177,186,333,stressed
images/Image_119.jpg,0,64,73,211,stressed
images/Image_119.jpg,191,194,278,294,stressed
images/Image_119.jpg,282,152,333,260,stressed
images/Image_119.jpg,349,104,416,194,stressed
images/Image_119.jpg,274,351,349,416,healthy
images/Image_119.jpg,202,375,267,416,healthy
images/Image_119.jpg,353,320,410,395,healthy
images/Image_119.jpg,376,1,416,70,healthy
images/Image_119.jpg,278,68,347,147,healthy
images/Image_119.jpg,186,66,276,185,healthy
images/Image_119.jpg,75,48,184,161,healthy
images/Image_119.jpg,2,214,122,284,healthy
images/Image_119.jpg,336,201,412,311,healthy
images/Image_119.jpg,300,280,338,335,healthy
images/Image_120.jpg,322,288,416,414,healthy
images/Image_120.jpg,201,283,312,413,healthy
images/Image_120.jpg,0,135,76,241,healthy
images/Image_120.jpg,0,246,99,416,healthy
images/Image_120.jpg,113,285,183,412,healthy
images/Image_120.jpg,102,194,259,277,healthy
images/Image_120.jpg,267,177,412,283,healthy
images/Image_120.jpg,166,122,257,188,healthy
images/Image_120.jpg,0,0,36,100,stressed
images/Image_120.jpg,39,0,87,96,stressed
images/Image_120.jpg,89,24,159,163,stressed
images/Image_120.jpg,161,0,255,113,stressed
images/Image_120.jpg,274,0,350,29,stressed
images/Image_120.jpg,257,33,375,174,stressed
images/Image_120.jpg,376,0,412,165,stressed
images/Image_121.jpg,316,75,416,197,stressed
images/Image_121.jpg,0,0,108,99,stressed
images/Image_121.jpg,79,97,191,232,stressed
images/Image_121.jpg,59,234,181,300,stressed
images/Image_121.jpg,84,297,205,414,stressed
images/Image_121.jpg,210,326,279,416,stressed
images/Image_121.jpg,285,0,415,44,stressed
images/Image_121.jpg,290,41,410,73,stressed
images/Image_121.jpg,169,0,276,59,healthy
images/Image_121.jpg,228,74,318,189,healthy
images/Image_121.jpg,281,194,413,302,healthy
images/Image_121.jpg,318,295,414,368,healthy
images/Image_121.jpg,280,364,341,411,healthy
images/Image_121.jpg,0,97,71,203,healthy
images/Image_122.jpg,0,0,90,44,healthy
images/Image_122.jpg,271,297,327,415,healthy
images/Image_122.jpg,112,336,255,406,healthy
images/Image_122.jpg,327,156,416,257,healthy
images/Image_122.jpg,225,0,330,72,healthy
images/Image_122.jpg,293,78,358,144,healthy
images/Image_122.jpg,337,0,416,77,stressed
images/Image_122.jpg,364,78,415,156,stressed
images/Image_122.jpg,95,0,187,141,stressed
images/Image_122.jpg,7,44,90,122,stressed
images/Image_122.jpg,64,142,190,218,stressed
images/Image_122.jpg,89,215,184,325,stressed
images/Image_122.jpg,198,247,242,332,stressed
images/Image_123.jpg,2,374,101,415,stressed
images/Image_123.jpg,0,203,28,362,stressed
images/Image_123.jpg,298,317,404,416,stressed
images/Image_123.jpg,32,0,183,53,stressed
images/Image_123.jpg,351,0,416,33,stressed
images/Image_123.jpg,57,53,191,132,stressed
images/Image_123.jpg,161,132,267,256,stressed
images/Image_123.jpg,252,0,347,38,healthy
images/Image_123.jpg,277,41,416,97,healthy
images/Image_123.jpg,315,100,414,193,healthy
images/Image_123.jpg,270,203,338,311,healthy
images/Image_123.jpg,108,251,261,315,healthy
images/Image_123.jpg,91,134,154,236,healthy
images/Image_123.jpg,234,371,291,416,healthy
images/Image_123.jpg,179,316,255,372,healthy
images/Image_123.jpg,266,313,293,367,healthy
images/Image_123.jpg,389,197,416,246,healthy
images/Image_124.jpg,325,320,414,416,stressed
images/Image_124.jpg,283,216,395,320,stressed
images/Image_124.jpg,93,120,267,210,stressed
images/Image_124.jpg,193,45,253,118,stressed
images/Image_124.jpg,68,0,189,108,stressed
images/Image_124.jpg,0,89,30,262,stressed
images/Image_124.jpg,0,256,78,302,stressed
images/Image_124.jpg,300,0,414,41,healthy
images/Image_124.jpg,308,45,414,99,healthy
images/Image_124.jpg,389,102,416,154,healthy
images/Image_124.jpg,267,101,327,211,healthy
images/Image_124.jpg,226,265,288,359,healthy
images/Image_124.jpg,190,208,258,253,healthy
images/Image_124.jpg,2,310,147,414,healthy
images/Image_125.jpg,0,301,150,411,healthy
images/Image_125.jpg,0,230,105,299,healthy
images/Image_125.jpg,0,70,19,226,healthy
images/Image_125.jpg,306,2,416,57,healthy
images/Image_125.jpg,387,58,416,124,healthy
images/Image_125.jpg,274,59,342,160,healthy
images/Image_125.jpg,219,246,311,316,healthy
images/Image_125.jpg,92,0,170,77,healthy
images/Image_125.jpg,90,85,195,169,healthy
images/Image_125.jpg,174,17,274,92,stressed
images/Image_125.jpg,198,92,269,219,stressed
images/Image_125.jpg,358,291,416,411,stressed
images/Image_125.jpg,321,183,398,282,stressed
images/Image_125.jpg,315,286,350,357,stressed
images/Image_125.jpg,278,161,316,240,stressed
images/Image_126.jpg,267,0,336,87,healthy
images/Image_126.jpg,0,208,71,288,healthy
images/Image_126.jpg,84,0,260,77,stressed
images/Image_126.jpg,164,75,256,148,stressed
images/Image_126.jpg,261,90,373,141,stressed
images/Image_126.jpg,378,332,416,380,stressed
images/Image_126.jpg,308,206,416,328,stressed
images/Image_126.jpg,284,144,413,204,stressed
images/Image_126.jpg,0,293,162,413,stressed
images/Image_126.jpg,75,206,146,292,stressed
images/Image_126.jpg,0,150,105,196,stressed
images/Image_126.jpg,0,9,29,137,stressed
images/Image_126.jpg,233,159,285,235,stressed
images/Image_127.jpg,0,92,59,232,stressed
images/Image_127.jpg,2,234,63,325,stressed
images/Image_127.jpg,0,327,130,413,stressed
images/Image_127.jpg,269,345,414,416,stressed
images/Image_127.jpg,259,229,310,341,stressed
images/Image_127.jpg,330,229,415,348,stressed
images/Image_127.jpg,210,89,407,225,stressed
images/Image_127.jpg,188,0,292,89,stressed
images/Image_127.jpg,183,95,207,173,stressed
images/Image_127.jpg,135,345,206,416,healthy
images/Image_127.jpg,37,0,130,56,healthy
images/Image_127.jpg,133,1,185,86,healthy
images/Image_127.jpg,89,90,170,173,healthy
images/Image_127.jpg,137,175,202,225,healthy
images/Image_127.jpg,165,227,255,340,healthy
images/Image_127.jpg,212,346,245,389,healthy
images/Image_127.jpg,295,52,350,84,healthy
images/Image_127.jpg,353,2,416,88,healthy
images/Image_128.jpg,0,3,73,143,stressed
images/Image_128.jpg,1,145,57,305,stressed
images/Image_128.jpg,58,242,128,302,stressed
images/Image_128.jpg,2,305,131,353,stressed
images/Image_128.jpg,261,133,319,262,stressed
images/Image_128.jpg,264,264,405,315,stressed
images/Image_128.jpg,193,0,368,130,stressed
images/Image_128.jpg,128,0,191,127,healthy
images/Image_128.jpg,82,13,122,85,healthy
images/Image_128.jpg,156,128,259,260,healthy
images/Image_128.jpg,135,283,197,415,healthy
images/Image_128.jpg,0,354,128,412,healthy
images/Image_128.jpg,287,316,413,414,healthy
images/Image_128.jpg,377,32,409,133,healthy
images/Image_128.jpg,327,138,414,265,healthy
images/Image_129.jpg,209,2,409,90,stressed
images/Image_129.jpg,320,91,407,239,stressed
images/Image_129.jpg,262,90,320,191,stressed
images/Image_129.jpg,181,326,266,416,stressed
images/Image_129.jpg,0,156,137,260,stressed
images/Image_129.jpg,353,243,413,416,healthy
images/Image_129.jpg,284,242,347,337,healthy
images/Image_129.jpg,266,194,313,237,healthy
images/Image_129.jpg,114,0,198,89,healthy
images/Image_129.jpg,179,90,250,188,healthy
images/Image_129.jpg,87,367,178,416,healthy
images/Image_129.jpg,51,261,166,367,healthy
images/Image_129.jpg,0,261,52,297,healthy
images/Image_129.jpg,0,1,58,150,healthy
images/Image_129.jpg,144,188,201,257,healthy
images/Image_130.jpg,332,209,415,348,healthy
images/Image_130.jpg,269,119,413,205,healthy
images/Image_130.jpg,122,98,188,209,healthy
images/Image_130.jpg,164,2,261,92,healthy
images/Image_130.jpg,0,0,67,120,stressed
images/Image_130.jpg,0,119,120,199,stressed
images/Image_130.jpg,71,52,118,114,stressed
images/Image_130.jpg,179,334,330,416,stressed
images/Image_130.jpg,178,214,256,330,stressed
images/Image_130.jpg,95,205,178,361,stressed
images/Image_130.jpg,48,203,93,254,stressed
images/Image_130.jpg,260,0,413,118,stressed
images/Image_131.jpg,331,197,414,320,healthy
images/Image_131.jpg,270,88,416,195,healthy
images/Image_131.jpg,94,235,184,311,healthy
images/Image_131.jpg,178,2,269,63,healthy
images/Image_131.jpg,130,66,200,188,healthy
images/Image_131.jpg,3,0,50,88,stressed
images/Image_131.jpg,53,20,118,94,stressed
images/Image_131.jpg,0,86,125,186,stressed
images/Image_131.jpg,52,188,123,229,stressed
images/Image_131.jpg,1,321,32,416,stressed
images/Image_131.jpg,267,355,366,416,stressed
images/Image_131.jpg,188,274,267,403,stressed
images/Image_131.jpg,269,311,316,353,stressed
images/Image_131.jpg,193,190,264,272,stressed
images/Image_131.jpg,128,188,185,229,stressed
images/Image_131.jpg,271,0,312,82,stressed
images/Image_131.jpg,317,0,413,84,stressed
images/Image_132.jpg,0,231,33,414,healthy
images/Image_132.jpg,335,118,414,242,healthy
images/Image_132.jpg,265,4,416,63,healthy
images/Image_132.jpg,301,66,416,115,healthy
images/Image_132.jpg,309,305,403,416,healthy
images/Image_132.jpg,115,0,217,87,stressed
images/Image_132.jpg,0,0,108,82,stressed
images/Image_132.jpg,39,80,107,139,stressed
images/Image_132.jpg,112,85,236,149,stressed
images/Image_132.jpg,73,149,287,211,stressed
images/Image_132.jpg,178,229,312,318,stressed
images/Image_132.jpg,247,320,295,389,stressed
images/Image_132.jpg,94,210,167,253,stressed
images/Image_133.jpg,342,114,416,278,stressed
images/Image_133.jpg,345,0,416,68,stressed
images/Image_133.jpg,295,0,339,75,stressed
images/Image_133.jpg,146,52,228,216,stressed
images/Image_133.jpg,76,83,145,203,stressed
images/Image_133.jpg,217,283,332,373,stressed
images/Image_133.jpg,134,280,202,346,stressed
images/Image_133.jpg,47,35,73,129,stressed
images/Image_133.jpg,79,0,140,77,stressed
images/Image_133.jpg,242,377,355,413,stressed
images/Image_133.jpg,229,0,288,77,healthy
images/Image_133.jpg,0,7,40,135,healthy
images/Image_133.jpg,47,0,72,31,healthy
images/Image_133.jpg,0,347,64,414,healthy
images/Image_133.jpg,0,137,75,203,healthy
images/Image_133.jpg,9,203,154,275,healthy
images/Image_133.jpg,66,276,128,377,healthy
images/Image_133.jpg,135,361,234,410,healthy
images/Image_133.jpg,163,217,320,280,healthy
images/Image_133.jpg,241,103,316,210,healthy
images/Image_134.jpg,0,281,61,415,healthy
images/Image_134.jpg,145,317,301,416,healthy
images/Image_134.jpg,34,200,108,278,healthy
images/Image_134.jpg,0,104,112,197,healthy
images/Image_134.jpg,0,0,53,103,healthy
images/Image_134.jpg,373,317,416,411,stressed
images/Image_134.jpg,308,317,367,416,stressed
images/Image_134.jpg,224,211,363,312,stressed
images/Image_134.jpg,129,260,223,317,stressed
images/Image_134.jpg,114,197,174,249,stressed
images/Image_134.jpg,58,2,243,93,stressed
images/Image_134.jpg,118,92,247,185,stressed
images/Image_134.jpg,345,27,416,179,stressed
images/Image_134.jpg,251,40,338,194,healthy
images/Image_135.jpg,347,1,416,110,healthy
images/Image_135.jpg,0,185,62,336,healthy
images/Image_135.jpg,0,0,102,75,healthy
images/Image_135.jpg,34,78,113,184,healthy
images/Image_135.jpg,196,61,298,130,healthy
images/Image_135.jpg,189,338,299,411,healthy
images/Image_135.jpg,140,235,280,328,healthy
images/Image_135.jpg,1,340,134,412,stressed
images/Image_135.jpg,107,0,316,57,stressed
images/Image_135.jpg,116,63,193,225,stressed
images/Image_135.jpg,201,130,346,229,stressed
images/Image_135.jpg,288,234,362,328,stressed
images/Image_135.jpg,307,332,348,413,stressed
images/Image_135.jpg,362,239,416,353,stressed
images/Image_136.jpg,27,336,183,414,stressed
images/Image_136.jpg,0,217,116,333,stressed
images/Image_136.jpg,36,0,164,80,stressed
images/Image_136.jpg,167,0,343,79,stressed
images/Image_136.jpg,373,123,416,237,stressed
images/Image_136.jpg,232,84,370,227,stressed
images/Image_136.jpg,345,279,416,412,stressed
images/Image_136.jpg,0,82,65,214,healthy
images/Image_136.jpg,116,77,227,220,healthy
images/Image_136.jpg,198,230,338,342,healthy
images/Image_136.jpg,288,338,341,411,healthy
images/Image_137.jpg,114,302,219,416,stressed
images/Image_137.jpg,30,309,111,373,stressed
images/Image_137.jpg,0,185,125,301,stressed
images/Image_137.jpg,42,0,171,57,stressed
images/Image_137.jpg,169,1,342,48,stressed
images/Image_137.jpg,371,108,416,211,stressed
images/Image_137.jpg,307,354,416,415,stressed
images/Image_137.jpg,363,252,416,349,stressed
images/Image_137.jpg,286,53,373,170,stressed
images/Image_137.jpg,173,50,288,91,stressed
images/Image_137.jpg,290,165,353,225,stressed
images/Image_137.jpg,0,58,50,181,healthy
images/Image_137.jpg,228,229,347,345,healthy
images/Image_137.jpg,173,95,284,226,healthy
images/Image_137.jpg,119,58,170,143,healthy
images/Image_137.jpg,52,55,95,113,healthy
images/Image_137.jpg,69,377,111,416,healthy
images/Image_138.jpg,0,115,130,197,stressed
images/Image_138.jpg,0,199,175,262,stressed
images/Image_138.jpg,69,266,155,367,stressed
images/Image_138.jpg,345,265,416,378,stressed
images/Image_138.jpg,348,158,415,264,stressed
images/Image_138.jpg,359,0,416,81,stressed
images/Image_138.jpg,283,0,353,112,stressed
images/Image_138.jpg,0,0,59,109,healthy
images/Image_138.jpg,163,301,260,416,healthy
images/Image_138.jpg,128,0,281,75,healthy
images/Image_138.jpg,170,79,281,153,healthy
images/Image_138.jpg,288,113,335,260,healthy
images/Image_138.jpg,215,155,282,232,healthy
images/Image_138.jpg,292,265,347,324,healthy
images/Image_139.jpg,0,294,75,414,stressed
images/Image_139.jpg,0,0,136,68,stressed
images/Image_139.jpg,205,342,287,416,stressed
images/Image_139.jpg,295,341,414,416,stressed
images/Image_139.jpg,272,274,416,344,stressed
images/Image_139.jpg,216,281,266,340,stressed
images/Image_139.jpg,303,161,387,274,stressed
images/Image_139.jpg,255,155,297,227,stressed
images/Image_139.jpg,139,0,227,112,stressed
images/Image_139.jpg,69,113,140,193,stressed
images/Image_139.jpg,0,137,48,288,healthy
images/Image_139.jpg,68,199,135,265,healthy
images/Image_139.jpg,142,156,255,271,healthy
images/Image_139.jpg,339,0,414,145,healthy
images/Image_139.jpg,233,0,330,145,healthy
images/Image_140.jpg,0,64,47,183,healthy
images/Image_140.jpg,88,90,215,178,healthy
images/Image_140.jpg,237,0,409,49,healthy
images/Image_140.jpg,0,206,88,315,stressed
images/Image_140.jpg,0,327,74,412,stressed
images/Image_140.jpg,78,375,221,412,stressed
images/Image_140.jpg,89,322,156,373,stressed
images/Image_140.jpg,273,368,416,413,stressed
images/Image_140.jpg,196,272,290,364,stressed
images/Image_140.jpg,296,293,416,366,stressed
images/Image_140.jpg,376,216,416,283,stressed
images/Image_140.jpg,292,163,379,286,stressed
images/Image_140.jpg,206,195,266,229,stressed
images/Image_140.jpg,272,51,390,161,stressed
images/Image_140.jpg,215,49,275,159,stressed
images/Image_140.jpg,138,0,237,44,stressed
images/Image_140.jpg,56,38,153,85,stressed
images/Image_140.jpg,19,0,96,15,stressed
images/Image_141.jpg,308,320,416,416,stressed
images/Image_141.jpg,200,181,296,282,stressed
images/Image_141.jpg,282,89,378,166,stressed
images/Image_141.jpg,382,143,414,291,stressed
images/Image_141.jpg,301,168,373,321,stressed
images/Image_141.jpg,209,110,276,141,stressed
images/Image_141.jpg,254,0,406,80,stressed
images/Image_141.jpg,0,113,77,345,stressed
images/Image_141.jpg,79,203,155,298,stressed
images/Image_141.jpg,0,0,56,110,healthy
images/Image_141.jpg,61,0,169,113,healthy
images/Image_141.jpg,178,0,256,103,healthy
images/Image_141.jpg,0,349,80,411,healthy
images/Image_141.jpg,89,297,212,414,healthy
images/Image_142.jpg,173,311,249,416,stressed
images/Image_142.jpg,0,0,70,104,stressed
images/Image_142.jpg,0,105,158,192,stressed
images/Image_142.jpg,0,195,77,267,stressed
images/Image_142.jpg,92,283,178,416,stressed
images/Image_142.jpg,199,77,293,169,stressed
images/Image_142.jpg,203,0,262,40,stressed
images/Image_142.jpg,271,0,378,78,stressed
images/Image_142.jpg,383,34,416,170,stressed
images/Image_142.jpg,298,78,372,168,stressed
images/Image_142.jpg,265,171,416,241,stressed
images/Image_142.jpg,307,241,416,283,stressed
images/Image_142.jpg,368,280,416,358,stressed
images/Image_142.jpg,3,272,89,403,healthy
images/Image_142.jpg,95,195,215,278,healthy
images/Image_142.jpg,262,385,326,416,healthy
images/Image_143.jpg,0,205,64,349,healthy
images/Image_143.jpg,113,158,213,261,healthy
images/Image_143.jpg,271,371,333,416,healthy
images/Image_143.jpg,174,289,252,395,stressed
images/Image_143.jpg,30,361,148,416,stressed
images/Image_143.jpg,4,0,84,130,stressed
images/Image_143.jpg,0,136,77,206,stressed
images/Image_143.jpg,88,94,146,151,stressed
images/Image_143.jpg,283,3,416,80,stressed
images/Image_143.jpg,202,38,281,138,stressed
images/Image_143.jpg,287,79,414,144,stressed
images/Image_143.jpg,298,198,408,307,stressed
images/Image_143.jpg,265,150,416,194,stressed
images/Image_143.jpg,396,325,415,387,stressed
images/Image_143.jpg,213,1,260,36,stressed
images/Image_143.jpg,67,256,172,358,stressed
images/Image_143.jpg,79,153,105,198,stressed
images/Image_144.jpg,173,204,250,306,stressed
images/Image_144.jpg,77,261,160,376,stressed
images/Image_144.jpg,234,305,340,414,stressed
images/Image_144.jpg,345,375,416,416,stressed
images/Image_144.jpg,400,244,416,287,stressed
images/Image_144.jpg,378,160,416,203,stressed
images/Image_144.jpg,371,85,412,154,stressed
images/Image_144.jpg,310,89,363,180,stressed
images/Image_144.jpg,307,0,416,91,stressed
images/Image_144.jpg,204,0,302,68,stressed
images/Image_144.jpg,91,12,163,70,stressed
images/Image_144.jpg,0,0,89,61,stressed
images/Image_144.jpg,0,59,63,128,stressed
images/Image_144.jpg,92,179,164,261,stressed
images/Image_144.jpg,0,128,89,229,healthy
images/Image_144.jpg,154,75,216,168,healthy
images/Image_144.jpg,95,71,151,144,healthy
images/Image_144.jpg,39,290,73,334,healthy
images/Image_144.jpg,2,231,67,278,healthy
images/Image_144.jpg,262,74,300,96,healthy
images/Image_145.jpg,95,307,182,413,stressed
images/Image_145.jpg,4,356,95,416,stressed
images/Image_145.jpg,0,266,94,350,stressed
images/Image_145.jpg,0,130,104,261,stressed
images/Image_145.jpg,0,0,99,124,healthy
images/Image_145.jpg,104,0,206,133,healthy
images/Image_145.jpg,214,0,412,92,healthy
images/Image_145.jpg,232,95,404,190,healthy
images/Image_145.jpg,162,195,277,302,healthy
images/Image_145.jpg,267,355,413,416,healthy
images/Image_145.jpg,285,270,414,348,healthy
images/Image_145.jpg,331,191,416,262,healthy
images/Image_145.jpg,141,142,226,189,healthy
images/Image_146.jpg,0,0,117,59,healthy
images/Image_146.jpg,115,0,220,44,healthy
images/Image_146.jpg,227,0,414,89,healthy
images/Image_146.jpg,282,93,413,260,healthy
images/Image_146.jpg,159,98,278,204,healthy
images/Image_146.jpg,148,46,216,94,healthy
images/Image_146.jpg,280,265,416,412,healthy
images/Image_146.jpg,0,59,123,205,stressed
images/Image_146.jpg,0,212,174,278,stressed
images/Image_146.jpg,0,285,163,416,stressed
images/Image_146.jpg,164,382,265,416,stressed
images/Image_146.jpg,165,321,227,372,stressed
images/Image_147.jpg,4,0,124,70,stressed
images/Image_147.jpg,0,67,93,170,stressed
images/Image_147.jpg,0,171,92,315,stressed
images/Image_147.jpg,98,139,175,309,stressed
images/Image_147.jpg,19,314,176,410,stressed
images/Image_147.jpg,188,305,295,416,stressed
images/Image_147.jpg,177,219,209,297,stressed
images/Image_147.jpg,158,0,415,112,stressed
images/Image_147.jpg,285,114,412,184,stressed
images/Image_147.jpg,274,184,408,270,stressed
images/Image_147.jpg,301,271,414,407,stressed
images/Image_148.jpg,0,0,119,39,stressed
images/Image_148.jpg,0,38,164,118,stressed
images/Image_148.jpg,0,118,210,191,stressed
images/Image_148.jpg,6,191,132,293,stressed
images/Image_148.jpg,134,190,276,287,stressed
images/Image_148.jpg,111,296,227,414,stressed
images/Image_148.jpg,231,295,348,414,stressed
images/Image_148.jpg,270,252,325,289,stressed
images/Image_148.jpg,357,308,416,413,healthy
images/Image_148.jpg,329,159,416,288,healthy
images/Image_148.jpg,280,0,409,70,healthy
images/Image_148.jpg,191,0,267,22,healthy
images/Image_148.jpg,267,78,410,151,healthy
images/Image_148.jpg,278,153,329,196,healthy
images/Image_149.jpg,285,0,416,52,healthy
images/Image_149.jpg,256,45,416,135,healthy
images/Image_149.jpg,315,137,412,246,healthy
images/Image_149.jpg,257,134,307,170,healthy
images/Image_149.jpg,352,252,416,329,healthy
images/Image_149.jpg,0,0,190,80,stressed
images/Image_149.jpg,0,79,220,156,stressed
images/Image_149.jpg,0,156,252,239,stressed
images/Image_149.jpg,52,237,227,323,stressed
images/Image_149.jpg,128,328,242,409,stressed
images/Image_149.jpg,3,369,54,416,stressed
images/Image_149.jpg,231,249,336,321,stressed
images/Image_149.jpg,251,195,302,247,stressed
images/Image_149.jpg,251,327,409,412,stressed
images/Image_150.jpg,226,0,409,54,healthy
images/Image_150.jpg,330,49,412,168,healthy
images/Image_150.jpg,262,56,320,94,healthy
images/Image_150.jpg,1,293,56,412,healthy
images/Image_150.jpg,59,358,184,416,healthy
images/Image_150.jpg,226,325,321,416,healthy
images/Image_150.jpg,228,258,325,327,healthy
images/Image_150.jpg,0,0,211,68,stressed
images/Image_150.jpg,0,65,143,170,stressed
images/Image_150.jpg,145,68,290,169,stressed
images/Image_150.jpg,109,173,220,307,stressed
images/Image_150.jpg,225,166,368,257,stressed
images/Image_150.jpg,327,257,416,416,stressed
images/Image_150.jpg,375,170,416,249,stressed
images/Image_151.jpg,325,317,413,416,stressed
images/Image_151.jpg,220,357,321,416,stressed
images/Image_151.jpg,120,349,217,416,stressed
images/Image_151.jpg,142,197,246,279,stressed
images/Image_151.jpg,2,113,49,202,stressed
images/Image_151.jpg,0,214,138,282,stressed
images/Image_151.jpg,52,161,95,210,stressed
images/Image_151.jpg,94,286,169,346,stressed
images/Image_151.jpg,348,1,414,125,stressed
images/Image_151.jpg,346,132,416,251,stressed
images/Image_151.jpg,222,0,343,188,stressed
images/Image_151.jpg,187,23,227,89,stressed
images/Image_151.jpg,105,0,167,73,healthy
images/Image_151.jpg,0,0,103,62,healthy
images/Image_151.jpg,196,277,312,336,healthy
images/Image_151.jpg,247,239,312,271,healthy
images/Image_151.jpg,0,354,114,414,healthy
images/Image_151.jpg,0,285,84,347,healthy
images/Image_151.jpg,27,58,100,106,healthy
images/Image_152.jpg,209,124,313,211,healthy
images/Image_152.jpg,118,254,222,349,healthy
images/Image_152.jpg,52,200,111,304,healthy
images/Image_152.jpg,0,154,49,269,healthy
images/Image_152.jpg,0,0,55,149,stressed
images/Image_152.jpg,59,58,128,145,stressed
images/Image_152.jpg,56,149,136,193,stressed
images/Image_152.jpg,151,81,209,149,stressed
images/Image_152.jpg,0,364,32,416,stressed
images/Image_152.jpg,48,396,83,416,stressed
images/Image_152.jpg,242,330,359,401,stressed
images/Image_152.jpg,327,192,411,309,stressed
images/Image_152.jpg,224,226,306,326,stressed
images/Image_152.jpg,136,155,187,221,stressed
images/Image_152.jpg,115,189,138,244,stressed
images/Image_152.jpg,227,0,318,71,stressed
images/Image_152.jpg,313,0,412,62,stressed
images/Image_152.jpg,376,64,416,126,stressed
images/Image_152.jpg,321,59,372,89,stressed
images/Image_153.jpg,77,243,190,341,healthy
images/Image_153.jpg,3,348,79,416,healthy
images/Image_153.jpg,0,0,54,84,healthy
images/Image_153.jpg,285,354,393,416,healthy
images/Image_153.jpg,82,77,162,193,stressed
images/Image_153.jpg,1,200,74,267,stressed
images/Image_153.jpg,0,276,52,328,stressed
images/Image_153.jpg,84,341,181,414,stressed
images/Image_153.jpg,199,321,284,416,stressed
images/Image_153.jpg,359,76,416,176,stressed
images/Image_153.jpg,389,181,416,287,stressed
images/Image_153.jpg,325,179,381,244,stressed
images/Image_153.jpg,226,149,313,240,stressed
images/Image_153.jpg,301,29,353,144,stressed
images/Image_153.jpg,161,0,287,140,stressed
images/Image_153.jpg,170,141,215,205,stressed
images/Image_153.jpg,72,0,154,67,stressed
images/Image_154.jpg,313,285,414,416,stressed
images/Image_154.jpg,209,255,291,352,stressed
images/Image_154.jpg,112,37,200,131,stressed
images/Image_154.jpg,278,86,416,185,stressed
images/Image_154.jpg,386,0,416,84,stressed
images/Image_154.jpg,199,0,277,135,stressed
images/Image_154.jpg,278,0,378,82,stressed
images/Image_154.jpg,122,0,193,28,stressed
images/Image_154.jpg,72,0,112,22,stressed
images/Image_154.jpg,44,135,85,227,stressed
images/Image_154.jpg,0,124,37,277,stressed
images/Image_154.jpg,141,364,253,416,stressed
images/Image_154.jpg,127,285,203,353,stressed
images/Image_154.jpg,3,0,43,42,healthy
images/Image_154.jpg,85,174,201,278,healthy
images/Image_154.jpg,2,316,124,412,healthy
images/Image_154.jpg,0,278,91,316,healthy
images/Image_155.jpg,347,89,416,205,stressed
images/Image_155.jpg,278,200,336,265,stressed
images/Image_155.jpg,0,23,73,163,stressed
images/Image_155.jpg,0,165,74,327,stressed
images/Image_155.jpg,140,173,278,285,stressed
images/Image_155.jpg,324,0,416,85,stressed
images/Image_155.jpg,347,342,416,416,stressed
images/Image_155.jpg,242,0,313,70,healthy
images/Image_155.jpg,132,0,236,57,healthy
images/Image_155.jpg,173,58,241,103,healthy
images/Image_155.jpg,76,40,146,158,healthy
images/Image_155.jpg,82,158,136,219,healthy
images/Image_155.jpg,154,300,230,416,healthy
images/Image_155.jpg,0,331,34,411,healthy
images/Image_155.jpg,75,285,154,394,healthy
images/Image_155.jpg,236,361,344,411,healthy
images/Image_155.jpg,340,244,416,342,healthy
images/Image_155.jpg,237,288,295,359,stressed
images/Image_155.jpg,84,221,125,279,stressed
images/Image_156.jpg,0,64,86,206,stressed
images/Image_156.jpg,0,0,74,57,stressed
images/Image_156.jpg,82,0,206,64,stressed
images/Image_156.jpg,0,216,77,408,stressed
images/Image_156.jpg,80,362,225,416,stressed
images/Image_156.jpg,80,267,181,362,stressed
images/Image_156.jpg,386,217,416,262,stressed
images/Image_156.jpg,366,267,414,416,stressed
images/Image_156.jpg,284,247,367,416,stressed
images/Image_156.jpg,229,252,281,416,stressed
images/Image_156.jpg,131,63,210,112,stressed
images/Image_156.jpg,222,0,317,50,stressed
images/Image_156.jpg,343,55,371,105,stressed
images/Image_156.jpg,347,0,412,47,stressed
images/Image_156.jpg,141,115,298,164,healthy
images/Image_156.jpg,216,54,306,115,healthy
images/Image_156.jpg,83,188,211,252,healthy
images/Image_156.jpg,186,260,224,350,healthy
images/Image_158.jpg,0,0,83,79,stressed
images/Image_158.jpg,0,84,65,170,stressed
images/Image_158.jpg,341,0,414,149,stressed
images/Image_158.jpg,270,77,341,169,stressed
images/Image_158.jpg,240,0,331,70,stressed
images/Image_158.jpg,200,66,256,122,stressed
images/Image_158.jpg,87,0,190,53,stressed
images/Image_158.jpg,250,209,342,283,stressed
images/Image_158.jpg,89,254,246,325,stressed
images/Image_158.jpg,91,332,149,416,stressed
images/Image_158.jpg,0,362,88,414,stressed
images/Image_158.jpg,255,295,302,416,stressed
images/Image_158.jpg,377,287,415,356,stressed
images/Image_158.jpg,0,205,86,355,healthy
images/Image_158.jpg,69,92,170,196,healthy
images/Image_158.jpg,90,58,183,90,healthy
images/Image_158.jpg,306,354,411,416,healthy
images/Image_158.jpg,348,204,416,286,healthy
images/Image_158.jpg,311,286,367,318,healthy
images/Image_159.jpg,343,2,410,141,stressed
images/Image_159.jpg,262,82,346,169,stressed
images/Image_159.jpg,226,2,341,73,stressed
images/Image_159.jpg,204,77,265,109,stressed
images/Image_159.jpg,0,0,67,105,stressed
images/Image_159.jpg,0,350,143,416,stressed
images/Image_159.jpg,250,211,312,287,stressed
images/Image_159.jpg,90,277,285,348,stressed
images/Image_159.jpg,262,352,310,411,stressed
images/Image_159.jpg,104,241,236,274,stressed
images/Image_159.jpg,2,214,75,343,healthy
images/Image_159.jpg,0,175,24,206,healthy
images/Image_159.jpg,3,109,70,167,healthy
images/Image_159.jpg,79,112,169,202,healthy
images/Image_159.jpg,73,0,174,107,healthy
images/Image_159.jpg,149,355,251,408,healthy
images/Image_159.jpg,317,354,413,416,healthy
images/Image_159.jpg,325,205,413,302,healthy
images/Image_160.jpg,330,232,412,329,stressed
images/Image_160.jpg,335,331,411,416,stressed
images/Image_160.jpg,114,217,169,272,stressed
images/Image_160.jpg,59,36,119,109,stressed
images/Image_160.jpg,123,87,210,176,stressed
images/Image_160.jpg,117,1,193,77,stressed
images/Image_160.jpg,197,0,298,81,stressed
images/Image_160.jpg,305,1,416,80,stressed
images/Image_160.jpg,84,274,132,342,stressed
images/Image_160.jpg,0,244,81,341,stressed
images/Image_160.jpg,136,317,170,413,stressed
images/Image_160.jpg,248,295,333,364,stressed
images/Image_160.jpg,0,0,47,169,healthy
images/Image_160.jpg,0,343,126,415,healthy
images/Image_160.jpg,182,367,288,413,healthy
images/Image_160.jpg,171,213,235,304,healthy
images/Image_160.jpg,236,197,303,295,healthy
images/Image_160.jpg,303,86,387,152,healthy
images/Image_160.jpg,210,82,297,146,healthy
images/Image_161.jpg,288,330,416,412,stressed
images/Image_161.jpg,302,66,402,175,stressed
images/Image_161.jpg,70,169,206,259,stressed
images/Image_161.jpg,0,260,81,305,stressed
images/Image_161.jpg,102,53,206,158,stressed
images/Image_161.jpg,2,309,271,413,healthy
images/Image_161.jpg,122,261,252,308,healthy
images/Image_161.jpg,221,0,413,62,healthy
images/Image_161.jpg,1,0,204,41,healthy
images/Image_161.jpg,2,43,88,163,healthy
images/Image_161.jpg,0,165,56,256,healthy
images/Image_161.jpg,216,67,280,254,healthy
images/Image_161.jpg,293,190,401,280,healthy
images/Image_162.jpg,3,0,70,100,healthy
images/Image_162.jpg,79,0,301,33,healthy
images/Image_162.jpg,308,19,395,120,healthy
images/Image_162.jpg,311,128,390,209,healthy
images/Image_162.jpg,294,245,416,327,healthy
images/Image_162.jpg,62,372,150,416,healthy
images/Image_162.jpg,70,224,207,327,stressed
images/Image_162.jpg,0,316,30,389,stressed
images/Image_162.jpg,0,201,44,281,stressed
images/Image_162.jpg,197,330,416,416,stressed
images/Image_162.jpg,226,290,287,326,stressed
images/Image_162.jpg,259,127,308,211,stressed
images/Image_162.jpg,107,34,266,119,stressed
images/Image_162.jpg,73,125,174,200,stressed
images/Image_162.jpg,0,108,73,173,stressed
images/Image_163.jpg,347,269,416,416,stressed
images/Image_163.jpg,178,333,343,416,stressed
images/Image_163.jpg,0,171,97,266,stressed
images/Image_163.jpg,200,96,270,178,stressed
images/Image_163.jpg,0,59,85,165,stressed
images/Image_163.jpg,1,272,169,413,healthy
images/Image_163.jpg,190,179,335,277,healthy
images/Image_163.jpg,381,5,416,164,healthy
images/Image_163.jpg,279,0,368,163,healthy
images/Image_163.jpg,88,0,273,92,healthy
images/Image_163.jpg,0,0,80,54,healthy
images/Image_163.jpg,99,92,190,245,healthy
images/Image_164.jpg,209,99,302,202,healthy
images/Image_164.jpg,195,19,288,100,healthy
images/Image_164.jpg,0,369,50,413,stressed
images/Image_164.jpg,0,221,113,327,stressed
images/Image_164.jpg,0,129,42,198,stressed
images/Image_164.jpg,4,0,186,128,stressed
images/Image_164.jpg,144,134,202,204,stressed
images/Image_164.jpg,397,168,416,416,stressed
images/Image_164.jpg,118,301,179,416,stressed
images/Image_164.jpg,321,387,396,416,stressed
images/Image_164.jpg,171,235,317,416,stressed
images/Image_164.jpg,318,210,393,335,stressed
images/Image_164.jpg,70,342,114,408,stressed
images/Image_164.jpg,378,2,416,80,stressed
images/Image_165.jpg,3,321,113,416,stressed
images/Image_165.jpg,114,263,249,416,stressed
images/Image_165.jpg,369,96,416,338,stressed
images/Image_165.jpg,250,230,367,416,stressed
images/Image_165.jpg,287,165,368,227,stressed
images/Image_165.jpg,0,86,93,184,stressed
images/Image_165.jpg,0,185,95,292,healthy
images/Image_165.jpg,2,0,94,84,healthy
images/Image_165.jpg,98,0,167,161,healthy
images/Image_165.jpg,175,3,252,173,healthy
images/Image_165.jpg,262,0,347,125,healthy
images/Image_165.jpg,356,2,413,66,healthy
images/Image_166.jpg,0,0,73,203,healthy
images/Image_166.jpg,264,67,335,171,healthy
images/Image_166.jpg,336,47,386,133,healthy
images/Image_166.jpg,371,222,416,322,healthy
images/Image_166.jpg,149,0,271,73,stressed
images/Image_166.jpg,87,12,113,54,stressed
images/Image_166.jpg,0,233,111,416,stressed
images/Image_166.jpg,113,375,190,414,stressed
images/Image_166.jpg,116,189,198,335,stressed
images/Image_166.jpg,200,189,284,411,stressed
images/Image_166.jpg,291,224,367,372,stressed
images/Image_166.jpg,205,112,259,183,stressed
images/Image_166.jpg,364,136,409,216,stressed
images/Image_167.jpg,0,0,38,161,healthy
images/Image_167.jpg,42,0,136,161,healthy
images/Image_167.jpg,138,0,255,124,healthy
images/Image_167.jpg,260,0,347,66,healthy
images/Image_167.jpg,2,271,106,416,stressed
images/Image_167.jpg,113,232,167,416,stressed
images/Image_167.jpg,174,169,261,416,stressed
images/Image_167.jpg,265,75,367,315,stressed
images/Image_167.jpg,366,17,412,270,stressed
images/Image_167.jpg,228,129,260,164,stressed
images/Image_167.jpg,378,371,416,413,stressed
images/Image_168.jpg,386,313,416,369,healthy
images/Image_168.jpg,78,317,173,388,healthy
images/Image_168.jpg,174,276,244,341,healthy
images/Image_168.jpg,228,220,315,307,healthy
images/Image_168.jpg,164,87,204,163,healthy
images/Image_168.jpg,204,54,271,127,healthy
images/Image_168.jpg,48,0,128,86,stressed
images/Image_168.jpg,4,29,36,55,stressed
images/Image_168.jpg,97,114,158,193,stressed
images/Image_168.jpg,289,27,386,109,stressed
images/Image_168.jpg,320,378,405,416,stressed
images/Image_168.jpg,0,380,72,416,stressed
images/Image_168.jpg,0,200,66,339,stressed
images/Image_168.jpg,77,196,162,304,stressed
images/Image_168.jpg,160,229,219,267,stressed
images/Image_168.jpg,257,132,413,220,stressed
images/Image_169.jpg,0,295,89,416,stressed
images/Image_169.jpg,94,305,188,412,stressed
images/Image_169.jpg,24,225,308,302,stressed
images/Image_169.jpg,91,171,170,226,stressed
images/Image_169.jpg,158,110,293,192,stressed
images/Image_169.jpg,298,3,416,123,stressed
images/Image_169.jpg,0,0,61,168,healthy
images/Image_169.jpg,63,0,141,115,healthy
images/Image_169.jpg,143,0,281,93,healthy
images/Image_169.jpg,313,366,416,413,healthy
images/Image_169.jpg,367,241,413,347,healthy
images/Image_169.jpg,305,130,409,214,healthy
images/Image_170.jpg,201,21,307,108,stressed
images/Image_170.jpg,309,0,416,39,stressed
images/Image_170.jpg,195,110,376,189,stressed
images/Image_170.jpg,0,194,137,288,stressed
images/Image_170.jpg,13,116,98,191,stressed
images/Image_170.jpg,0,0,66,80,stressed
images/Image_170.jpg,3,297,95,416,healthy
images/Image_170.jpg,98,295,209,357,healthy
images/Image_170.jpg,150,198,275,286,healthy
images/Image_170.jpg,295,193,349,240,healthy
images/Image_170.jpg,100,52,193,158,healthy
images/Image_170.jpg,308,293,416,381,healthy
images/Image_170.jpg,236,383,355,416,healthy
images/Image_171.jpg,5,325,164,416,healthy
images/Image_171.jpg,0,185,98,318,healthy
images/Image_171.jpg,368,2,416,106,healthy
images/Image_171.jpg,247,0,347,76,healthy
images/Image_171.jpg,333,245,414,416,stressed
images/Image_171.jpg,226,217,331,416,stressed
images/Image_171.jpg,215,115,313,212,stressed
images/Image_171.jpg,181,266,219,335,stressed
images/Image_171.jpg,113,175,205,274,stressed
images/Image_171.jpg,55,0,204,165,stressed
images/Image_171.jpg,0,0,52,90,stressed
images/Image_172.jpg,341,91,414,211,stressed
images/Image_172.jpg,335,1,416,92,stressed
images/Image_172.jpg,267,1,334,63,stressed
images/Image_172.jpg,154,309,272,413,stressed
images/Image_172.jpg,105,92,178,186,stressed
images/Image_172.jpg,0,305,151,414,healthy
images/Image_172.jpg,277,232,416,416,healthy
images/Image_172.jpg,0,1,146,89,healthy
images/Image_172.jpg,2,89,99,297,healthy
images/Image_172.jpg,107,192,255,295,healthy
images/Image_172.jpg,186,77,280,190,healthy
images/Image_173.jpg,257,0,367,133,healthy
images/Image_173.jpg,0,320,50,412,healthy
images/Image_173.jpg,0,0,105,153,healthy
images/Image_173.jpg,140,0,234,64,healthy
images/Image_173.jpg,382,230,416,320,healthy
images/Image_173.jpg,362,102,416,221,stressed
images/Image_173.jpg,251,341,405,416,stressed
images/Image_173.jpg,128,334,250,411,stressed
images/Image_173.jpg,179,240,318,332,stressed
images/Image_173.jpg,85,239,169,328,stressed
images/Image_173.jpg,113,110,216,234,stressed
images/Image_173.jpg,0,160,80,274,stressed
images/Image_174.jpg,0,278,140,416,healthy
images/Image_174.jpg,150,251,277,416,healthy
images/Image_174.jpg,0,208,103,269,healthy
images/Image_174.jpg,82,92,154,214,healthy
images/Image_174.jpg,0,11,52,105,healthy
images/Image_174.jpg,287,318,416,411,healthy
images/Image_174.jpg,357,130,416,196,healthy
images/Image_174.jpg,169,0,229,58,stressed
images/Image_174.jpg,233,0,333,195,stressed
images/Image_174.jpg,345,0,385,95,stressed
images/Image_174.jpg,287,203,416,313,stressed
images/Image_174.jpg,0,122,70,195,stressed
images/Image_175.jpg,250,113,317,217,stressed
images/Image_175.jpg,0,109,86,187,stressed
images/Image_175.jpg,0,190,99,321,stressed
images/Image_175.jpg,22,331,295,413,stressed
images/Image_175.jpg,101,239,202,323,stressed
images/Image_175.jpg,323,353,409,416,stressed
images/Image_175.jpg,144,0,252,108,stressed
images/Image_175.jpg,343,59,416,140,stressed
images/Image_175.jpg,336,149,416,248,stressed
images/Image_175.jpg,274,248,400,347,healthy
images/Image_175.jpg,41,0,119,67,healthy
images/Image_176.jpg,0,100,58,242,healthy
images/Image_176.jpg,0,241,262,416,healthy
images/Image_176.jpg,238,98,412,204,healthy
images/Image_176.jpg,56,0,113,54,stressed
images/Image_176.jpg,109,0,224,199,stressed
images/Image_176.jpg,227,1,285,95,stressed
images/Image_176.jpg,203,211,305,241,stressed
images/Image_176.jpg,363,203,415,257,stressed
images/Image_176.jpg,272,256,362,416,stressed
images/Image_176.jpg,368,318,416,412,stressed
images/Image_177.jpg,33,0,156,119,stressed
images/Image_177.jpg,137,121,214,222,stressed
images/Image_177.jpg,220,58,344,141,stressed
images/Image_177.jpg,394,0,416,62,stressed
images/Image_177.jpg,220,358,309,416,stressed
images/Image_177.jpg,315,304,409,416,stressed
images/Image_177.jpg,0,326,122,416,stressed
images/Image_177.jpg,219,147,301,248,stressed
images/Image_177.jpg,0,246,78,320,healthy
images/Image_177.jpg,127,363,177,416,healthy
images/Image_177.jpg,156,252,288,348,healthy
images/Image_177.jpg,312,168,412,293,healthy
images/Image_178.jpg,3,246,149,416,healthy
images/Image_178.jpg,150,108,285,199,healthy
images/Image_178.jpg,331,96,416,227,healthy
images/Image_178.jpg,295,2,416,89,stressed
images/Image_178.jpg,328,286,415,416,stressed
images/Image_178.jpg,4,0,108,89,stressed
images/Image_178.jpg,114,0,181,101,stressed
images/Image_178.jpg,0,93,133,242,stressed
images/Image_178.jpg,163,228,307,414,stressed
images/Image_180.jpg,207,274,327,416,stressed
images/Image_180.jpg,370,362,416,413,stressed
images/Image_180.jpg,327,155,416,307,stressed
images/Image_180.jpg,199,0,342,74,stressed
images/Image_180.jpg,116,192,199,266,stressed
images/Image_180.jpg,54,285,190,416,stressed
images/Image_180.jpg,0,180,104,274,stressed
images/Image_180.jpg,0,4,56,80,stressed
images/Image_180.jpg,342,1,414,147,stressed
images/Image_180.jpg,40,95,179,180,healthy
images/Image_180.jpg,232,95,309,215,healthy
images/Image_180.jpg,0,280,47,413,healthy
images/Image_181.jpg,205,0,298,124,stressed
images/Image_181.jpg,111,176,248,276,stressed
images/Image_181.jpg,252,124,352,254,stressed
images/Image_181.jpg,256,257,398,316,stressed
images/Image_181.jpg,311,316,416,415,stressed
images/Image_181.jpg,0,264,98,364,stressed
images/Image_181.jpg,113,59,183,137,stressed
images/Image_181.jpg,0,108,68,249,healthy
images/Image_181.jpg,1,366,200,415,healthy
images/Image_181.jpg,220,318,307,415,healthy
images/Image_181.jpg,173,278,238,326,healthy
images/Image_181.jpg,358,184,413,252,healthy
images/Image_181.jpg,309,1,408,122,healthy
images/Image_181.jpg,0,1,98,99,healthy
images/Image_181.jpg,190,130,236,173,healthy
images/Image_181.jpg,74,107,107,188,healthy
images/Image_182.jpg,59,338,179,416,healthy
images/Image_182.jpg,0,230,191,327,healthy
images/Image_182.jpg,0,0,62,121,healthy
images/Image_182.jpg,301,338,416,412,healthy
images/Image_182.jpg,248,198,348,320,healthy
images/Image_182.jpg,172,138,269,182,healthy
images/Image_182.jpg,348,48,414,113,healthy
images/Image_182.jpg,352,195,416,329,stressed
images/Image_182.jpg,273,118,403,186,stressed
images/Image_182.jpg,256,0,339,105,stressed
images/Image_182.jpg,155,0,243,126,stressed
images/Image_182.jpg,72,0,141,76,stressed
images/Image_182.jpg,0,124,105,224,stressed
images/Image_183.jpg,142,0,409,94,stressed
images/Image_183.jpg,317,95,415,248,stressed
images/Image_183.jpg,4,0,100,148,stressed
images/Image_183.jpg,18,151,178,251,stressed
images/Image_183.jpg,68,254,190,414,stressed
images/Image_183.jpg,196,345,309,410,stressed
images/Image_183.jpg,308,257,416,339,healthy
images/Image_183.jpg,330,343,408,411,healthy
images/Image_183.jpg,222,112,313,231,healthy
images/Image_184.jpg,304,122,388,260,healthy
images/Image_184.jpg,232,0,323,107,healthy
images/Image_184.jpg,326,2,415,113,stressed
images/Image_184.jpg,379,112,413,328,stressed
images/Image_184.jpg,0,0,126,38,stressed
images/Image_184.jpg,24,43,178,135,stressed
images/Image_184.jpg,56,138,193,276,stressed
images/Image_184.jpg,2,331,77,416,stressed
images/Image_184.jpg,193,281,349,411,stressed
images/Image_184.jpg,198,226,295,274,stressed
images/Image_184.jpg,86,278,185,330,stressed
images/Image_185.jpg,285,81,387,255,healthy
images/Image_185.jpg,222,1,348,72,healthy
images/Image_185.jpg,2,0,205,104,stressed
images/Image_185.jpg,56,105,186,260,stressed
images/Image_185.jpg,0,321,65,416,stressed
images/Image_185.jpg,71,361,133,416,stressed
images/Image_185.jpg,193,189,281,253,stressed
images/Image_185.jpg,86,264,326,342,stressed
images/Image_185.jpg,189,348,387,416,stressed
images/Image_185.jpg,352,0,416,78,stressed
images/Image_185.jpg,385,79,416,285,stressed
images/Image_186.jpg,24,0,191,39,stressed
images/Image_186.jpg,51,35,179,108,stressed
images/Image_186.jpg,76,114,320,214,stressed
images/Image_186.jpg,173,219,346,291,stressed
images/Image_186.jpg,227,289,375,411,stressed
images/Image_186.jpg,376,329,416,409,stressed
images/Image_186.jpg,0,325,155,416,stressed
images/Image_186.jpg,0,229,89,321,stressed
images/Image_186.jpg,266,0,411,59,stressed
images/Image_186.jpg,322,62,410,155,healthy
images/Image_187.jpg,68,0,158,114,healthy
images/Image_187.jpg,0,0,63,169,stressed
images/Image_187.jpg,0,173,89,309,stressed
images/Image_187.jpg,366,0,413,92,stressed
images/Image_187.jpg,169,0,306,126,stressed
images/Image_187.jpg,315,98,412,235,stressed
images/Image_187.jpg,67,112,154,170,stressed
images/Image_187.jpg,107,174,230,310,stressed
images/Image_187.jpg,192,335,318,416,stressed
images/Image_187.jpg,1,356,62,416,healthy
images/Image_187.jpg,89,323,188,416,healthy
images/Image_187.jpg,320,371,389,416,healthy
images/Image_187.jpg,376,265,412,357,healthy
images/Image_187.jpg,239,219,322,331,healthy
images/Image_188.jpg,307,2,416,82,healthy
images/Image_188.jpg,372,133,416,249,healthy
images/Image_188.jpg,1,230,58,416,healthy
images/Image_188.jpg,163,346,257,416,healthy
images/Image_188.jpg,114,219,186,343,healthy
images/Image_188.jpg,0,4,240,83,stressed
images/Image_188.jpg,17,82,308,166,stressed
images/Image_188.jpg,59,167,280,211,stressed
images/Image_188.jpg,191,216,316,345,stressed
images/Image_188.jpg,331,251,414,416,stressed
images/Image_188.jpg,271,354,318,416,stressed
images/Image_189.jpg,0,326,188,416,stressed
images/Image_189.jpg,0,0,330,74,stressed
images/Image_189.jpg,175,80,317,125,stressed
images/Image_189.jpg,201,128,366,227,stressed
images/Image_189.jpg,255,236,378,416,stressed
images/Image_189.jpg,371,19,416,142,healthy
images/Image_189.jpg,384,183,414,416,healthy
images/Image_189.jpg,197,250,251,358,healthy
images/Image_189.jpg,96,127,196,246,healthy
images/Image_189.jpg,0,146,59,318,healthy
images/Image_189.jpg,50,77,135,112,healthy
images/Image_190.jpg,123,345,226,416,stressed
images/Image_190.jpg,0,208,111,388,stressed
images/Image_190.jpg,115,242,196,340,stressed
images/Image_190.jpg,0,32,59,212,stressed
images/Image_190.jpg,346,161,413,298,stressed
images/Image_190.jpg,262,158,338,284,stressed
images/Image_190.jpg,216,61,408,155,stressed
images/Image_190.jpg,191,0,307,54,stressed
images/Image_190.jpg,291,297,416,412,healthy
images/Image_190.jpg,177,159,250,240,healthy
images/Image_190.jpg,103,54,200,146,healthy
images/Image_190.jpg,100,0,176,44,healthy
images/Image_190.jpg,375,0,416,39,healthy
images/Image_190.jpg,320,21,357,59,healthy
images/Image_191.jpg,0,3,63,123,stressed
images/Image_191.jpg,0,127,51,299,stressed
images/Image_191.jpg,54,185,109,359,stressed
images/Image_191.jpg,81,381,259,416,stressed
images/Image_191.jpg,118,220,216,376,stressed
images/Image_191.jpg,165,0,376,61,stressed
images/Image_191.jpg,198,63,415,119,stressed
images/Image_191.jpg,262,123,416,218,stressed
images/Image_191.jpg,267,221,414,276,stressed
images/Image_191.jpg,293,280,416,414,healthy
images/Image_191.jpg,169,124,263,216,healthy
images/Image_191.jpg,77,0,156,61,healthy
images/Image_191.jpg,122,64,195,117,healthy
images/Image_191.jpg,215,221,261,266,healthy
images/Image_191.jpg,382,0,414,22,healthy
images/Image_192.jpg,0,0,54,98,stressed
images/Image_192.jpg,0,100,54,229,stressed
images/Image_192.jpg,45,104,104,280,stressed
images/Image_192.jpg,105,127,192,270,stressed
images/Image_192.jpg,82,271,234,357,stressed
images/Image_192.jpg,169,359,312,416,stressed
images/Image_192.jpg,229,1,416,48,stressed
images/Image_192.jpg,257,50,416,137,stressed
images/Image_192.jpg,262,143,416,189,stressed
images/Image_192.jpg,364,197,416,367,healthy
images/Image_192.jpg,288,188,355,322,healthy
images/Image_192.jpg,120,0,222,47,healthy
images/Image_192.jpg,160,47,250,126,healthy
images/Image_192.jpg,195,131,257,179,healthy
images/Image_193.jpg,291,2,416,49,healthy
images/Image_193.jpg,70,32,119,113,healthy
images/Image_193.jpg,0,322,57,414,healthy
images/Image_193.jpg,251,272,349,376,stressed
images/Image_193.jpg,62,359,246,416,stressed
images/Image_193.jpg,0,139,68,306,stressed
images/Image_193.jpg,0,26,27,134,stressed
images/Image_193.jpg,72,191,140,303,stressed
images/Image_193.jpg,62,317,146,352,stressed
images/Image_193.jpg,145,244,191,311,stressed
images/Image_193.jpg,379,280,416,354,stressed
images/Image_193.jpg,277,52,416,103,stressed
images/Image_193.jpg,270,118,416,225,stressed
images/Image_193.jpg,181,96,266,230,stressed
images/Image_193.jpg,39,0,174,26,stressed
images/Image_193.jpg,128,30,179,117,stressed
images/Image_193.jpg,226,4,277,80,stressed
images/Image_196.jpg,356,89,416,195,stressed
images/Image_196.jpg,338,0,413,69,stressed
images/Image_196.jpg,380,316,416,409,stressed
images/Image_196.jpg,281,260,373,381,stressed
images/Image_196.jpg,203,206,278,281,stressed
images/Image_196.jpg,284,203,336,260,stressed
images/Image_196.jpg,122,166,198,251,stressed
images/Image_196.jpg,199,46,259,201,stressed
images/Image_196.jpg,71,37,201,146,stressed
images/Image_196.jpg,0,257,77,415,healthy
images/Image_196.jpg,1,5,56,139,healthy
images/Image_196.jpg,65,0,123,33,healthy
images/Image_196.jpg,31,147,111,238,healthy
images/Image_196.jpg,188,289,276,416,healthy
images/Image_196.jpg,114,255,183,346,healthy
images/Image_196.jpg,267,90,312,197,healthy
images/Image_196.jpg,252,0,330,44,healthy
images/Image_197.jpg,0,242,66,409,healthy
images/Image_197.jpg,184,286,290,416,healthy
images/Image_197.jpg,48,102,142,214,healthy
images/Image_197.jpg,5,0,56,75,healthy
images/Image_197.jpg,243,66,307,198,healthy
images/Image_197.jpg,61,0,163,100,stressed
images/Image_197.jpg,165,0,233,101,stressed
images/Image_197.jpg,246,0,406,23,stressed
images/Image_197.jpg,350,67,416,162,stressed
images/Image_197.jpg,229,201,335,286,stressed
images/Image_197.jpg,294,290,353,344,stressed
images/Image_197.jpg,377,293,413,416,stressed
images/Image_197.jpg,295,350,325,406,stressed
images/Image_197.jpg,125,224,225,282,stressed
images/Image_197.jpg,145,105,230,176,stressed
images/Image_197.jpg,14,76,36,142,stressed
images/Image_198.jpg,372,214,416,320,stressed
images/Image_198.jpg,333,335,416,414,stressed
images/Image_198.jpg,273,108,367,270,stressed
images/Image_198.jpg,202,123,270,225,stressed
images/Image_198.jpg,123,100,193,197,stressed
images/Image_198.jpg,75,0,188,93,stressed
images/Image_198.jpg,196,1,265,123,stressed
images/Image_198.jpg,0,153,52,364,healthy
images/Image_198.jpg,54,260,98,416,healthy
images/Image_198.jpg,103,354,161,412,healthy
images/Image_198.jpg,261,278,331,416,healthy
images/Image_198.jpg,202,229,260,368,healthy
images/Image_198.jpg,158,203,199,278,healthy
images/Image_198.jpg,22,0,70,85,healthy
images/Image_198.jpg,57,100,101,148,healthy
images/Image_198.jpg,276,3,328,98,healthy
images/Image_198.jpg,348,2,416,88,healthy
images/Image_199.jpg,283,2,416,212,healthy
images/Image_199.jpg,285,215,416,412,healthy
images/Image_199.jpg,49,0,283,68,healthy
images/Image_199.jpg,222,84,284,288,healthy
images/Image_199.jpg,165,155,221,275,healthy
images/Image_199.jpg,0,262,77,376,stressed
images/Image_199.jpg,0,127,151,228,stressed
images/Image_199.jpg,0,0,51,122,stressed
images/Image_199.jpg,52,67,127,124,stressed
images/Image_199.jpg,183,309,277,416,stressed
images/Image_199.jpg,109,284,178,358,stressed
images/Image_199.jpg,118,239,166,279,stressed
images/Image_199.jpg,27,231,99,259,stressed
images/Image_200.jpg,0,124,81,247,stressed
images/Image_200.jpg,0,0,145,83,stressed
images/Image_200.jpg,33,84,84,123,stressed
images/Image_200.jpg,100,81,204,140,stressed
images/Image_200.jpg,104,144,247,215,stressed
images/Image_200.jpg,155,217,235,306,stressed
images/Image_200.jpg,240,219,309,313,stressed
images/Image_200.jpg,91,280,146,389,stressed
images/Image_200.jpg,160,317,401,416,stressed
images/Image_200.jpg,0,295,72,416,healthy
images/Image_200.jpg,154,1,416,79,healthy
images/Image_200.jpg,210,83,415,145,healthy
images/Image_200.jpg,257,149,414,219,healthy
images/Image_200.jpg,315,225,416,314,healthy
images/Image_201.jpg,217,3,416,69,healthy
images/Image_201.jpg,261,75,416,152,healthy
images/Image_201.jpg,325,156,416,243,healthy
images/Image_201.jpg,1,217,66,416,healthy
images/Image_201.jpg,77,214,151,303,healthy
images/Image_201.jpg,165,256,275,336,healthy
images/Image_201.jpg,0,42,74,164,stressed
images/Image_201.jpg,36,0,100,38,stressed
images/Image_201.jpg,101,3,217,50,stressed
images/Image_201.jpg,103,54,248,127,stressed
images/Image_201.jpg,156,133,241,224,stressed
images/Image_201.jpg,242,156,318,250,stressed
images/Image_201.jpg,287,262,398,323,stressed
images/Image_201.jpg,290,331,406,416,stressed
images/Image_201.jpg,227,341,255,391,stressed
images/Image_202.jpg,2,0,63,52,stressed
images/Image_202.jpg,79,14,107,62,stressed
images/Image_202.jpg,95,318,191,416,stressed
images/Image_202.jpg,0,274,87,413,stressed
images/Image_202.jpg,0,107,54,272,stressed
images/Image_202.jpg,217,310,415,416,stressed
images/Image_202.jpg,303,137,416,312,stressed
images/Image_202.jpg,234,239,285,270,stressed
images/Image_202.jpg,160,3,305,130,stressed
images/Image_202.jpg,114,0,154,31,stressed
images/Image_202.jpg,90,87,150,118,stressed
images/Image_202.jpg,206,130,298,166,stressed
images/Image_202.jpg,77,124,153,197,healthy
images/Image_202.jpg,164,168,260,230,healthy
images/Image_202.jpg,160,138,200,164,healthy
images/Image_202.jpg,305,0,409,131,healthy
images/Image_203.jpg,288,4,416,111,healthy
images/Image_203.jpg,153,116,260,204,healthy
images/Image_203.jpg,75,85,145,161,healthy
images/Image_203.jpg,0,71,49,186,healthy
images/Image_203.jpg,0,0,51,21,healthy
images/Image_203.jpg,92,286,205,416,stressed
images/Image_203.jpg,0,184,77,292,stressed
images/Image_203.jpg,0,295,48,409,stressed
images/Image_203.jpg,53,293,89,351,stressed
images/Image_203.jpg,296,244,414,416,stressed
images/Image_203.jpg,216,278,297,378,stressed
images/Image_203.jpg,221,208,300,252,stressed
images/Image_203.jpg,317,123,416,244,stressed
images/Image_203.jpg,266,115,312,201,stressed
images/Image_203.jpg,156,0,283,112,stressed
images/Image_203.jpg,63,0,114,31,stressed
images/Image_203.jpg,93,57,154,82,stressed
images/Image_204.jpg,373,155,416,416,stressed
images/Image_204.jpg,302,113,372,383,stressed
images/Image_204.jpg,247,199,293,313,stressed
images/Image_204.jpg,198,198,245,244,stressed
images/Image_204.jpg,237,127,273,156,stressed
images/Image_204.jpg,226,0,403,96,stressed
images/Image_204.jpg,1,118,83,302,stressed
images/Image_204.jpg,56,337,222,416,stressed
images/Image_204.jpg,94,208,181,332,stressed
images/Image_204.jpg,0,0,59,116,healthy
images/Image_204.jpg,156,21,209,114,healthy
images/Image_204.jpg,72,0,151,81,healthy
images/Image_204.jpg,1,306,44,414,healthy
images/Image_205.jpg,48,292,159,416,stressed
images/Image_205.jpg,0,233,46,351,stressed
images/Image_205.jpg,2,0,243,67,healthy
images/Image_205.jpg,245,0,412,73,healthy
images/Image_205.jpg,182,72,411,274,healthy
images/Image_205.jpg,172,308,416,413,healthy
images/Image_205.jpg,166,276,306,312,healthy
images/Image_205.jpg,87,67,175,295,healthy
images/Image_205.jpg,3,137,75,230,healthy
images/Image_206.jpg,0,0,195,95,healthy
images/Image_206.jpg,198,0,411,137,healthy
images/Image_206.jpg,316,328,416,416,healthy
images/Image_206.jpg,206,171,416,319,healthy
images/Image_206.jpg,197,144,315,165,healthy
images/Image_206.jpg,107,103,199,226,healthy
images/Image_206.jpg,0,146,105,226,stressed
images/Image_206.jpg,12,226,94,318,stressed
images/Image_206.jpg,95,231,202,327,stressed
images/Image_206.jpg,0,99,63,148,stressed
images/Image_206.jpg,149,335,262,416,stressed
images/Image_206.jpg,2,331,139,415,stressed
images/Image_206.jpg,69,98,101,145,healthy
images/Image_207.jpg,144,261,265,416,stressed
images/Image_207.jpg,264,382,324,416,stressed
images/Image_207.jpg,0,3,74,63,stressed
images/Image_207.jpg,0,65,117,149,stressed
images/Image_207.jpg,0,154,132,262,stressed
images/Image_207.jpg,137,166,182,256,stressed
images/Image_207.jpg,79,0,416,58,healthy
images/Image_207.jpg,120,61,320,151,healthy
images/Image_207.jpg,321,84,416,248,healthy
images/Image_207.jpg,186,156,317,244,healthy
images/Image_207.jpg,311,254,416,378,healthy
images/Image_207.jpg,0,264,125,344,healthy
images/Image_208.jpg,238,286,337,416,stressed
images/Image_208.jpg,114,286,234,412,stressed
images/Image_208.jpg,61,308,117,367,stressed
images/Image_208.jpg,0,320,39,411,stressed
images/Image_208.jpg,140,142,269,280,stressed
images/Image_208.jpg,91,236,130,262,stressed
images/Image_208.jpg,100,47,178,139,stressed
images/Image_208.jpg,0,2,99,128,stressed
images/Image_208.jpg,102,0,416,52,healthy
images/Image_208.jpg,175,49,409,135,healthy
images/Image_208.jpg,320,143,416,276,healthy
images/Image_208.jpg,0,129,130,229,healthy
images/Image_209.jpg,321,125,416,242,healthy
images/Image_209.jpg,184,1,415,106,healthy
images/Image_209.jpg,0,118,123,204,healthy
images/Image_209.jpg,0,350,75,416,healthy
images/Image_209.jpg,0,290,26,342,healthy
images/Image_209.jpg,146,355,386,416,stressed
images/Image_209.jpg,67,251,326,354,stressed
images/Image_209.jpg,127,113,261,244,stressed
images/Image_209.jpg,0,0,173,107,stressed
images/Image_209.jpg,80,206,108,245,stressed
images/Image_210.jpg,79,0,252,119,stressed
images/Image_210.jpg,136,124,285,174,stressed
images/Image_210.jpg,87,119,122,170,stressed
images/Image_210.jpg,72,172,321,282,stressed
images/Image_210.jpg,121,285,416,377,stressed
images/Image_210.jpg,204,377,416,414,stressed
images/Image_210.jpg,3,343,92,416,stressed
images/Image_210.jpg,0,265,75,341,stressed
images/Image_210.jpg,0,203,27,264,stressed
images/Image_210.jpg,0,4,71,113,healthy
images/Image_210.jpg,257,0,412,34,healthy
images/Image_210.jpg,313,43,416,154,healthy
images/Image_211.jpg,201,0,408,70,healthy
images/Image_211.jpg,226,184,302,272,healthy
images/Image_211.jpg,131,206,220,289,healthy
images/Image_211.jpg,52,236,127,351,healthy
images/Image_211.jpg,0,77,71,206,stressed
images/Image_211.jpg,0,2,58,61,stressed
images/Image_211.jpg,58,0,153,40,stressed
images/Image_211.jpg,77,46,204,137,stressed
images/Image_211.jpg,139,136,216,207,stressed
images/Image_211.jpg,216,82,416,179,stressed
images/Image_211.jpg,337,284,416,391,stressed
images/Image_211.jpg,386,183,414,269,stressed
images/Image_211.jpg,304,181,347,229,stressed
images/Image_211.jpg,3,359,303,416,stressed
images/Image_211.jpg,2,241,43,359,stressed
images/Image_194.jpg,252,129,341,239,stressed
images/Image_194.jpg,0,0,109,184,stressed
images/Image_194.jpg,70,195,186,349,stressed
images/Image_194.jpg,195,250,253,381,stressed
images/Image_194.jpg,349,284,416,397,stressed
images/Image_194.jpg,378,154,416,204,stressed
images/Image_194.jpg,168,0,416,104,healthy
images/Image_194.jpg,261,284,321,416,healthy
images/Image_194.jpg,52,367,255,414,healthy
images/Image_194.jpg,0,189,59,354,healthy
images/Image_194.jpg,113,84,167,190,healthy
images/Image_008.jpg,2,3,170,321,healthy
images/Image_008.jpg,177,2,329,178,healthy
images/Image_008.jpg,375,201,413,368,healthy
images/Image_008.jpg,381,61,413,164,stressed
images/Image_008.jpg,284,184,368,244,stressed
images/Image_008.jpg,206,245,365,320,stressed
images/Image_008.jpg,144,330,274,413,stressed
images/Image_008.jpg,22,359,112,414,stressed
images/Image_013.jpg,244,301,308,414,healthy
images/Image_013.jpg,236,55,332,131,healthy
images/Image_013.jpg,106,89,210,251,healthy
images/Image_013.jpg,4,87,90,327,healthy
images/Image_013.jpg,1,361,92,414,stressed
images/Image_013.jpg,97,314,189,412,stressed
images/Image_013.jpg,141,252,237,316,stressed
images/Image_013.jpg,242,165,346,285,stressed
images/Image_013.jpg,362,126,414,344,stressed
images/Image_013.jpg,0,7,191,76,stressed
images/Image_013.jpg,220,3,347,42,stressed
images/Image_015.jpg,6,4,212,78,healthy
images/Image_015.jpg,6,83,113,190,healthy
images/Image_015.jpg,231,131,311,297,healthy
images/Image_015.jpg,217,345,333,411,healthy
images/Image_015.jpg,43,327,156,411,stressed
images/Image_015.jpg,346,288,411,412,stressed
images/Image_015.jpg,227,6,350,110,stressed
images/Image_015.jpg,357,1,414,155,stressed
images/Image_015.jpg,6,203,126,302,stressed
images/Image_015.jpg,130,84,221,228,stressed
images/Image_016.jpg,37,206,147,293,stressed
images/Image_016.jpg,162,287,302,412,stressed
images/Image_016.jpg,317,184,415,323,stressed
images/Image_016.jpg,309,339,408,410,stressed
images/Image_016.jpg,349,0,409,56,stressed
images/Image_016.jpg,6,95,117,174,stressed
images/Image_016.jpg,124,1,203,117,stressed
images/Image_016.jpg,207,1,322,40,stressed
images/Image_016.jpg,234,47,318,164,healthy
images/Image_016.jpg,2,0,111,80,healthy
images/Image_016.jpg,224,225,301,276,healthy
images/Image_019.jpg,302,312,382,415,stressed
images/Image_019.jpg,132,363,300,415,stressed
images/Image_019.jpg,267,1,412,62,stressed
images/Image_019.jpg,198,67,392,171,stressed
images/Image_019.jpg,84,120,191,246,stressed
images/Image_019.jpg,73,251,178,335,stressed
images/Image_019.jpg,197,174,295,254,stressed
images/Image_019.jpg,5,0,95,109,healthy
images/Image_019.jpg,124,3,232,33,healthy
images/Image_019.jpg,375,241,416,293,healthy
images/Image_019.jpg,0,291,39,412,healthy
images/Image_019.jpg,6,180,80,251,stressed
images/Image_021.jpg,306,141,399,200,stressed
images/Image_021.jpg,305,140,398,199,stressed
images/Image_021.jpg,147,206,224,275,stressed
images/Image_021.jpg,6,4,153,84,stressed
images/Image_021.jpg,92,95,194,165,stressed
images/Image_021.jpg,168,2,303,75,stressed
images/Image_021.jpg,282,216,413,305,stressed
images/Image_021.jpg,68,279,194,408,stressed
images/Image_021.jpg,9,338,66,408,healthy
images/Image_021.jpg,0,129,35,276,healthy
images/Image_021.jpg,259,306,335,384,healthy
images/Image_021.jpg,207,351,253,411,healthy
images/Image_021.jpg,224,158,288,200,healthy
images/Image_021.jpg,400,67,416,109,healthy
images/Image_024.jpg,144,0,196,52,stressed
images/Image_024.jpg,68,85,141,191,stressed
images/Image_024.jpg,143,56,244,128,stressed
images/Image_024.jpg,238,304,352,411,stressed
images/Image_024.jpg,326,245,398,304,stressed
images/Image_024.jpg,295,1,397,59,stressed
images/Image_024.jpg,0,193,93,280,stressed
images/Image_024.jpg,98,192,154,246,stressed
images/Image_024.jpg,0,0,34,75,healthy
images/Image_024.jpg,0,286,63,414,healthy
images/Image_024.jpg,64,286,128,363,healthy
images/Image_024.jpg,142,358,230,414,healthy
images/Image_024.jpg,386,169,411,239,healthy
images/Image_024.jpg,170,137,251,234,healthy
images/Image_024.jpg,260,87,334,168,healthy
images/Image_024.jpg,205,0,262,38,healthy
images/Image_025.jpg,316,0,408,29,healthy
images/Image_025.jpg,312,81,416,176,healthy
images/Image_025.jpg,335,355,415,416,healthy
images/Image_025.jpg,99,3,227,77,healthy
images/Image_025.jpg,11,316,107,410,stressed
images/Image_025.jpg,111,241,190,322,stressed
images/Image_025.jpg,8,89,116,178,stressed
images/Image_025.jpg,0,0,91,66,stressed
images/Image_025.jpg,204,307,291,381,stressed
images/Image_025.jpg,193,156,270,289,stressed
images/Image_025.jpg,294,176,403,313,stressed
images/Image_026.jpg,29,223,103,296,stressed
images/Image_026.jpg,3,0,107,110,stressed
images/Image_026.jpg,357,281,413,397,stressed
images/Image_026.jpg,282,153,375,232,stressed
images/Image_026.jpg,349,99,406,144,stressed
images/Image_026.jpg,16,303,137,375,stressed
images/Image_026.jpg,203,132,275,281,stressed
images/Image_026.jpg,159,61,264,124,stressed
images/Image_026.jpg,305,47,403,87,stressed
images/Image_026.jpg,122,2,222,27,healthy
images/Image_026.jpg,14,384,77,411,healthy
images/Image_026.jpg,113,159,190,234,healthy
images/Image_026.jpg,325,7,414,39,healthy
images/Image_026.jpg,301,368,359,411,healthy
images/Image_026.jpg,275,90,332,124,healthy
images/Image_028.jpg,26,34,101,99,stressed
images/Image_028.jpg,5,104,119,186,stressed
images/Image_028.jpg,192,0,277,90,stressed
images/Image_028.jpg,278,2,371,35,stressed
images/Image_028.jpg,354,89,416,201,stressed
images/Image_028.jpg,280,178,355,241,stressed
images/Image_028.jpg,207,234,275,321,stressed
images/Image_028.jpg,70,354,143,404,stressed
images/Image_028.jpg,117,272,197,355,healthy
images/Image_028.jpg,0,201,43,288,healthy
images/Image_028.jpg,103,0,180,18,healthy
images/Image_212.jpg,2,0,70,86,stressed
images/Image_212.jpg,79,8,123,68,stressed
images/Image_212.jpg,0,114,67,277,stressed
images/Image_212.jpg,1,281,95,391,stressed
images/Image_212.jpg,107,229,238,332,stressed
images/Image_212.jpg,239,249,342,332,stressed
images/Image_212.jpg,187,338,259,416,stressed
images/Image_212.jpg,302,385,416,415,stressed
images/Image_212.jpg,341,154,413,243,stressed
images/Image_212.jpg,321,2,408,127,stressed
images/Image_212.jpg,174,0,313,53,stressed
images/Image_212.jpg,134,43,200,87,stressed
images/Image_212.jpg,128,95,209,166,healthy
images/Image_212.jpg,215,56,315,142,healthy
images/Image_212.jpg,68,122,102,270,healthy
images/Image_212.jpg,110,188,140,227,healthy
images/Image_212.jpg,99,335,179,415,healthy
images/Image_212.jpg,349,295,407,373,healthy
images/Image_212.jpg,287,334,335,367,healthy
images/Image_213.jpg,340,1,416,146,healthy
images/Image_213.jpg,261,0,341,79,healthy
images/Image_213.jpg,96,1,243,104,healthy
images/Image_213.jpg,91,186,174,280,healthy
images/Image_213.jpg,0,215,89,262,healthy
images/Image_213.jpg,3,372,163,416,stressed
images/Image_213.jpg,0,325,44,373,stressed
images/Image_213.jpg,340,189,413,416,stressed
images/Image_213.jpg,190,108,340,376,stressed
images/Image_213.jpg,0,107,180,181,stressed
images/Image_213.jpg,2,21,87,103,stressed
images/Image_213.jpg,4,183,78,209,stressed
images/Image_214.jpg,347,129,412,366,stressed
images/Image_214.jpg,232,41,345,313,stressed
images/Image_214.jpg,141,3,232,130,stressed
images/Image_214.jpg,0,0,138,132,stressed
images/Image_214.jpg,137,299,209,416,stressed
images/Image_214.jpg,210,338,305,416,stressed
images/Image_214.jpg,0,310,137,416,stressed
images/Image_214.jpg,0,246,68,308,stressed
images/Image_214.jpg,15,129,209,198,healthy
images/Image_214.jpg,364,0,409,69,healthy
images/Image_214.jpg,239,0,318,29,healthy
images/Image_215.jpg,358,3,416,107,healthy
images/Image_215.jpg,0,0,52,118,healthy
images/Image_215.jpg,53,0,155,59,healthy
images/Image_215.jpg,98,88,200,210,stressed
images/Image_215.jpg,1,141,34,264,stressed
images/Image_215.jpg,1,265,164,412,stressed
images/Image_215.jpg,171,337,321,414,stressed
images/Image_215.jpg,332,372,408,416,stressed
images/Image_215.jpg,270,178,416,281,stressed
images/Image_215.jpg,306,109,416,172,stressed
images/Image_215.jpg,218,54,357,108,stressed
images/Image_215.jpg,165,2,335,39,stressed
images/Image_215.jpg,211,121,255,163,stressed
images/Image_215.jpg,173,243,252,332,healthy
images/Image_215.jpg,52,229,159,257,healthy
images/Image_216.jpg,171,198,277,297,stressed
images/Image_216.jpg,0,208,105,295,stressed
images/Image_216.jpg,1,57,173,209,stressed
images/Image_216.jpg,190,321,335,416,stressed
images/Image_216.jpg,2,345,160,416,stressed
images/Image_216.jpg,343,3,416,272,stressed
images/Image_216.jpg,176,56,345,183,stressed
images/Image_216.jpg,0,0,85,47,healthy
images/Image_216.jpg,153,0,309,57,healthy
images/Image_216.jpg,340,320,412,416,healthy
images/Image_217.jpg,0,0,125,87,healthy
images/Image_217.jpg,128,0,272,90,healthy
images/Image_217.jpg,277,0,416,193,healthy
images/Image_217.jpg,0,92,99,199,healthy
images/Image_217.jpg,141,92,271,230,healthy
images/Image_217.jpg,168,332,276,416,stressed
images/Image_217.jpg,1,341,113,416,stressed
images/Image_217.jpg,0,198,61,306,stressed
images/Image_217.jpg,65,203,140,338,stressed
images/Image_217.jpg,144,228,236,287,stressed
images/Image_217.jpg,277,201,411,318,stressed
images/Image_217.jpg,344,336,416,411,stressed
images/Image_217.jpg,287,341,317,383,stressed
images/Image_217.jpg,246,264,277,317,stressed
images/Image_218.jpg,28,200,132,310,stressed
images/Image_218.jpg,274,347,413,416,stressed
images/Image_218.jpg,0,339,26,412,stressed
images/Image_218.jpg,54,347,141,416,stressed
images/Image_218.jpg,154,300,269,416,stressed
images/Image_218.jpg,341,2,414,156,stressed
images/Image_218.jpg,230,0,328,159,stressed
images/Image_218.jpg,68,66,235,170,stressed
images/Image_218.jpg,0,61,59,182,stressed
images/Image_218.jpg,0,0,229,59,healthy
images/Image_218.jpg,218,227,322,285,healthy
images/Image_218.jpg,295,168,390,220,healthy
images/Image_219.jpg,295,341,415,416,stressed
images/Image_219.jpg,0,338,26,416,stressed
images/Image_219.jpg,52,341,156,416,stressed
images/Image_219.jpg,163,312,289,416,stressed
images/Image_219.jpg,33,199,141,307,stressed
images/Image_219.jpg,0,85,39,191,stressed
images/Image_219.jpg,44,80,107,128,stressed
images/Image_219.jpg,119,80,185,207,stressed
images/Image_219.jpg,194,67,291,178,stressed
images/Image_219.jpg,293,43,414,147,stressed
images/Image_219.jpg,3,0,285,67,healthy
images/Image_219.jpg,290,5,413,34,healthy
images/Image_219.jpg,222,215,317,283,healthy
images/Image_219.jpg,317,152,388,262,healthy
images/Image_220.jpg,0,0,238,56,healthy
images/Image_220.jpg,80,225,156,296,healthy
images/Image_220.jpg,167,135,254,260,healthy
images/Image_220.jpg,288,317,410,416,stressed
images/Image_220.jpg,2,322,138,416,stressed
images/Image_220.jpg,150,339,277,416,stressed
images/Image_220.jpg,327,61,416,265,stressed
images/Image_220.jpg,248,25,322,121,stressed
images/Image_220.jpg,270,151,298,211,stressed
images/Image_220.jpg,156,58,250,132,stressed
images/Image_220.jpg,0,58,160,173,stressed
images/Image_220.jpg,10,200,38,244,stressed
images/Image_220.jpg,100,180,150,214,stressed
images/Image_221.jpg,0,193,189,416,healthy
images/Image_221.jpg,198,197,416,413,healthy
images/Image_221.jpg,3,0,414,194,healthy
images/Image_222.jpg,0,0,133,214,healthy
images/Image_222.jpg,137,0,409,52,healthy
images/Image_222.jpg,232,55,340,104,healthy
images/Image_222.jpg,318,368,413,416,healthy
images/Image_222.jpg,345,201,416,310,stressed
images/Image_222.jpg,345,59,416,176,stressed
images/Image_222.jpg,216,110,344,180,stressed
images/Image_222.jpg,200,181,294,297,stressed
images/Image_222.jpg,146,126,196,302,stressed
images/Image_222.jpg,0,219,138,325,stressed
images/Image_222.jpg,4,354,183,414,stressed
images/Image_222.jpg,194,303,307,384,stressed
images/Image_223.jpg,0,0,234,206,healthy
images/Image_223.jpg,239,2,416,203,healthy
images/Image_223.jpg,3,214,416,413,healthy
images/Image_224.jpg,0,0,292,66,healthy
images/Image_224.jpg,0,68,57,170,healthy
images/Image_224.jpg,114,68,232,109,healthy
images/Image_224.jpg,1,180,83,321,stressed
images/Image_224.jpg,0,374,96,414,stressed
images/Image_224.jpg,212,358,301,416,stressed
images/Image_224.jpg,339,326,416,410,stressed
images/Image_224.jpg,387,264,416,320,stressed
images/Image_224.jpg,241,204,336,311,stressed
images/Image_224.jpg,303,0,416,91,stressed
images/Image_224.jpg,260,72,310,185,stressed
images/Image_224.jpg,383,124,416,165,stressed
images/Image_224.jpg,84,144,198,286,stressed
images/Image_224.jpg,78,295,199,378,stressed
images/Image_224.jpg,212,145,251,203,stressed
images/Image_224.jpg,159,112,247,137,stressed
images/Image_224.jpg,331,168,363,192,stressed
images/Image_225.jpg,372,266,416,416,stressed
images/Image_225.jpg,219,312,372,416,stressed
images/Image_225.jpg,3,206,212,411,healthy
images/Image_225.jpg,4,0,192,209,healthy
images/Image_225.jpg,206,0,337,277,healthy
images/Image_225.jpg,336,2,416,150,healthy
images/Image_226.jpg,22,211,127,319,stressed
images/Image_226.jpg,4,360,79,416,stressed
images/Image_226.jpg,106,314,414,416,stressed
images/Image_226.jpg,293,229,416,313,stressed
images/Image_226.jpg,378,1,412,73,stressed
images/Image_226.jpg,316,17,343,64,stressed
images/Image_226.jpg,0,46,110,178,stressed
images/Image_226.jpg,114,0,233,104,stressed
images/Image_226.jpg,166,108,223,184,stressed
images/Image_226.jpg,0,1,105,40,healthy
images/Image_226.jpg,240,1,304,179,healthy
images/Image_226.jpg,169,227,284,307,healthy
images/Image_226.jpg,362,132,415,225,healthy
images/Image_227.jpg,245,0,412,155,healthy
images/Image_227.jpg,113,0,245,276,healthy
images/Image_227.jpg,1,0,108,411,healthy
images/Image_227.jpg,352,203,416,412,stressed
images/Image_227.jpg,263,266,349,416,stressed
images/Image_227.jpg,119,317,264,416,stressed
images/Image_228.jpg,0,0,131,101,stressed
images/Image_228.jpg,271,0,336,77,stressed
images/Image_228.jpg,208,19,239,63,stressed
images/Image_228.jpg,57,100,137,189,stressed
images/Image_228.jpg,0,158,41,296,stressed
images/Image_228.jpg,0,307,163,416,stressed
images/Image_228.jpg,173,347,296,416,stressed
images/Image_228.jpg,201,206,290,338,stressed
images/Image_228.jpg,293,201,411,276,stressed
images/Image_228.jpg,290,102,414,206,stressed
images/Image_228.jpg,341,0,414,27,stressed
images/Image_228.jpg,138,1,198,193,healthy
images/Image_228.jpg,63,227,194,298,healthy
images/Image_228.jpg,300,283,411,383,healthy
images/Image_229.jpg,0,315,168,416,stressed
images/Image_229.jpg,173,266,261,416,stressed
images/Image_229.jpg,271,228,380,416,stressed
images/Image_229.jpg,383,137,416,341,stressed
images/Image_229.jpg,310,165,378,229,stressed
images/Image_229.jpg,292,2,413,105,healthy
images/Image_229.jpg,157,3,298,151,healthy
images/Image_229.jpg,0,1,155,276,healthy
images/Image_230.jpg,187,0,270,72,stressed
images/Image_230.jpg,129,24,166,55,stressed
images/Image_230.jpg,6,0,110,64,stressed
images/Image_230.jpg,1,302,135,416,stressed
images/Image_230.jpg,138,196,208,335,stressed
images/Image_230.jpg,212,128,277,274,stressed
images/Image_230.jpg,287,230,335,267,stressed
images/Image_230.jpg,345,138,416,220,stressed
images/Image_230.jpg,379,44,416,129,stressed
images/Image_230.jpg,345,389,416,414,stressed
images/Image_230.jpg,0,73,23,186,stressed
images/Image_230.jpg,30,64,108,189,healthy
images/Image_230.jpg,2,223,133,293,healthy
images/Image_230.jpg,221,280,330,343,healthy
images/Image_230.jpg,342,223,399,337,healthy
images/Image_230.jpg,145,346,265,407,healthy
images/Image_230.jpg,318,68,359,127,healthy
images/Image_230.jpg,279,83,316,174,stressed
images/Image_231.jpg,1,0,138,117,healthy
images/Image_231.jpg,0,123,148,260,healthy
images/Image_231.jpg,0,266,254,414,healthy
images/Image_231.jpg,266,392,416,412,healthy
images/Image_231.jpg,143,0,346,48,stressed
images/Image_231.jpg,180,49,412,125,stressed
images/Image_231.jpg,238,130,414,265,stressed
images/Image_231.jpg,322,270,413,386,stressed
images/Image_232.jpg,144,0,238,127,stressed
images/Image_232.jpg,4,160,416,412,healthy
images/Image_232.jpg,1,0,148,155,healthy
images/Image_232.jpg,247,2,414,159,healthy
images/Image_233.jpg,0,281,145,413,healthy
images/Image_233.jpg,0,88,45,275,healthy
images/Image_233.jpg,155,389,237,416,healthy
images/Image_233.jpg,15,0,233,57,stressed
images/Image_233.jpg,74,57,306,123,stressed
images/Image_233.jpg,132,128,389,242,stressed
images/Image_233.jpg,188,244,396,312,stressed
images/Image_233.jpg,242,318,411,416,stressed
images/Image_233.jpg,198,316,237,367,stressed
images/Image_233.jpg,383,2,416,135,stressed
images/Image_234.jpg,347,0,412,104,stressed
images/Image_234.jpg,0,145,416,410,healthy
images/Image_234.jpg,0,0,343,143,healthy
images/Image_235.jpg,0,278,58,416,healthy
images/Image_235.jpg,235,312,416,413,healthy
images/Image_235.jpg,268,5,414,53,stressed
images/Image_235.jpg,285,58,416,148,stressed
images/Image_235.jpg,342,151,414,231,stressed
images/Image_235.jpg,0,0,120,53,stressed
images/Image_235.jpg,0,56,227,139,stressed
images/Image_235.jpg,36,146,292,261,stressed
images/Image_235.jpg,86,261,231,415,stressed
images/Image_235.jpg,240,275,287,308,stressed
images/Image_236.jpg,321,151,416,296,stressed
images/Image_236.jpg,229,3,341,78,stressed
images/Image_236.jpg,272,80,391,140,stressed
images/Image_236.jpg,0,0,220,205,healthy
images/Image_236.jpg,0,208,306,409,healthy
images/Image_236.jpg,229,144,318,201,healthy
images/Image_236.jpg,313,333,412,416,healthy
images/Image_237.jpg,173,0,390,64,stressed
images/Image_237.jpg,185,68,411,163,stressed
images/Image_237.jpg,237,163,414,241,stressed
images/Image_237.jpg,328,244,416,332,stressed
images/Image_237.jpg,0,26,103,168,stressed
images/Image_237.jpg,0,167,169,237,stressed
images/Image_237.jpg,0,242,110,415,stressed
images/Image_237.jpg,130,275,161,307,stressed
images/Image_237.jpg,108,389,161,413,stressed
images/Image_237.jpg,358,342,416,408,healthy
images/Image_237.jpg,229,332,318,416,healthy
images/Image_237.jpg,124,314,210,382,healthy
images/Image_238.jpg,0,0,146,155,healthy
images/Image_238.jpg,0,156,206,303,healthy
images/Image_238.jpg,0,307,180,416,healthy
images/Image_238.jpg,178,345,283,413,healthy
images/Image_238.jpg,296,48,414,155,stressed
images/Image_238.jpg,160,70,288,132,stressed
images/Image_238.jpg,293,312,416,410,stressed
images/Image_238.jpg,248,186,416,306,stressed
images/Image_238.jpg,220,138,245,253,stressed
images/Image_238.jpg,159,0,231,67,stressed
images/Image_238.jpg,383,1,411,29,stressed
images/Image_239.jpg,0,128,57,244,healthy
images/Image_239.jpg,114,341,212,416,healthy
images/Image_239.jpg,0,320,97,382,healthy
images/Image_239.jpg,68,78,147,130,healthy
images/Image_239.jpg,238,26,326,122,healthy
images/Image_239.jpg,291,128,379,241,healthy
images/Image_239.jpg,249,296,307,416,healthy
images/Image_239.jpg,46,0,222,50,stressed
images/Image_239.jpg,118,129,283,231,stressed
images/Image_239.jpg,4,267,53,311,stressed
images/Image_239.jpg,0,385,103,411,stressed
images/Image_239.jpg,144,54,228,84,stressed
images/Image_239.jpg,362,2,416,61,stressed
images/Image_239.jpg,208,241,364,293,stressed
images/Image_239.jpg,313,330,416,411,stressed
images/Image_239.jpg,369,250,416,321,stressed
images/Image_240.jpg,304,0,416,57,stressed
images/Image_240.jpg,211,49,313,144,stressed
images/Image_240.jpg,171,31,210,74,stressed
images/Image_240.jpg,53,72,175,132,stressed
images/Image_240.jpg,0,0,137,68,stressed
images/Image_240.jpg,174,267,320,416,stressed
images/Image_240.jpg,368,326,416,411,stressed
images/Image_240.jpg,321,250,393,327,stressed
images/Image_240.jpg,112,151,257,225,stressed
images/Image_240.jpg,0,137,104,255,healthy
images/Image_240.jpg,1,262,67,416,healthy
images/Image_240.jpg,69,337,177,416,healthy
images/Image_240.jpg,0,75,32,122,healthy
images/Image_240.jpg,124,230,289,262,healthy
images/Image_240.jpg,369,109,416,210,healthy
images/Image_240.jpg,299,200,355,245,healthy
images/Image_241.jpg,224,0,313,103,stressed
images/Image_241.jpg,76,0,225,51,stressed
images/Image_241.jpg,330,320,413,416,stressed
images/Image_241.jpg,337,179,416,306,stressed
images/Image_241.jpg,248,109,325,183,stressed
images/Image_241.jpg,2,286,141,414,healthy
images/Image_241.jpg,4,0,75,33,healthy
images/Image_241.jpg,0,64,34,173,healthy
images/Image_241.jpg,42,103,85,180,healthy
images/Image_241.jpg,90,80,174,276,healthy
images/Image_241.jpg,330,0,408,170,healthy
images/Image_241.jpg,151,281,208,372,healthy
images/Image_241.jpg,187,97,240,276,stressed
images/Image_241.jpg,179,377,326,413,stressed
images/Image_241.jpg,216,292,262,372,stressed
images/Image_241.jpg,280,193,337,247,stressed
images/Image_242.jpg,277,0,415,49,stressed
images/Image_242.jpg,326,55,412,147,stressed
images/Image_242.jpg,323,154,416,266,stressed
images/Image_242.jpg,156,0,269,176,stressed
images/Image_242.jpg,0,266,119,416,stressed
images/Image_242.jpg,95,4,155,118,healthy
images/Image_242.jpg,0,0,93,49,healthy
images/Image_242.jpg,0,146,119,260,healthy
images/Image_242.jpg,124,183,254,240,healthy
images/Image_242.jpg,129,295,182,416,healthy
images/Image_242.jpg,234,339,416,414,healthy
images/Image_242.jpg,354,275,416,333,healthy
images/Image_242.jpg,189,254,335,329,stressed
images/Image_243.jpg,229,304,416,412,healthy
images/Image_243.jpg,1,68,103,193,healthy
images/Image_243.jpg,372,201,416,299,healthy
images/Image_243.jpg,113,3,186,130,healthy
images/Image_243.jpg,120,215,196,269,healthy
images/Image_243.jpg,225,213,283,300,healthy
images/Image_243.jpg,4,201,117,410,stressed
images/Image_243.jpg,122,272,201,409,stressed
images/Image_243.jpg,303,0,416,151,stressed
images/Image_243.jpg,191,0,257,128,stressed
images/Image_243.jpg,193,132,338,210,stressed
images/Image_243.jpg,294,216,367,298,stressed
images/Image_244.jpg,1,0,129,74,healthy
images/Image_244.jpg,0,320,88,413,healthy
images/Image_244.jpg,319,163,413,275,healthy
images/Image_244.jpg,359,54,409,155,healthy
images/Image_244.jpg,233,95,310,213,healthy
images/Image_244.jpg,120,80,191,137,healthy
images/Image_244.jpg,182,2,331,85,stressed
images/Image_244.jpg,348,0,413,44,stressed
images/Image_244.jpg,318,91,358,155,stressed
images/Image_244.jpg,0,78,117,305,stressed
images/Image_244.jpg,120,150,201,253,stressed
images/Image_244.jpg,97,322,220,409,stressed
images/Image_244.jpg,145,262,226,318,stressed
images/Image_244.jpg,270,279,414,400,stressed
images/Image_245.jpg,210,0,416,133,stressed
images/Image_245.jpg,0,0,181,110,stressed
images/Image_245.jpg,0,119,194,214,stressed
images/Image_245.jpg,349,235,416,416,stressed
images/Image_245.jpg,131,236,238,350,stressed
images/Image_245.jpg,225,136,416,231,healthy
images/Image_245.jpg,270,236,351,358,healthy
images/Image_245.jpg,3,352,265,416,stressed
images/Image_245.jpg,0,216,118,347,stressed
images/Image_246.jpg,203,2,415,89,healthy
images/Image_246.jpg,288,89,409,155,healthy
images/Image_246.jpg,3,0,196,106,stressed
images/Image_246.jpg,1,110,96,311,stressed
images/Image_246.jpg,62,320,308,416,stressed
images/Image_246.jpg,113,160,246,317,stressed
images/Image_246.jpg,97,113,191,142,stressed
images/Image_246.jpg,274,161,415,289,stressed
images/Image_246.jpg,365,298,416,406,stressed
images/Image_247.jpg,1,0,229,72,stressed
images/Image_247.jpg,115,75,212,178,stressed
images/Image_247.jpg,0,77,100,170,stressed
images/Image_247.jpg,181,181,281,294,stressed
images/Image_247.jpg,208,298,308,412,stressed
images/Image_247.jpg,80,345,198,416,stressed
images/Image_247.jpg,54,175,155,338,stressed
images/Image_247.jpg,237,0,411,73,healthy
images/Image_247.jpg,216,78,409,172,healthy
images/Image_247.jpg,294,176,410,295,healthy
images/Image_247.jpg,312,300,413,414,healthy
images/Image_247.jpg,2,175,49,401,healthy
images/Image_248.jpg,0,0,89,136,healthy
images/Image_248.jpg,0,140,90,223,healthy
images/Image_248.jpg,0,295,73,415,healthy
images/Image_248.jpg,254,297,413,416,healthy
images/Image_248.jpg,110,335,221,416,healthy
images/Image_248.jpg,313,11,413,292,healthy
images/Image_248.jpg,159,0,305,42,stressed
images/Image_248.jpg,211,47,312,124,stressed
images/Image_248.jpg,180,128,309,232,stressed
images/Image_248.jpg,87,224,244,325,stressed
images/Image_248.jpg,97,10,150,188,stressed
images/Image_248.jpg,2,229,30,274,stressed
images/Image_249.jpg,183,0,315,164,stressed
images/Image_249.jpg,80,165,207,242,stressed
images/Image_249.jpg,63,0,160,144,stressed
images/Image_249.jpg,319,2,412,209,healthy
images/Image_249.jpg,258,210,416,412,healthy
images/Image_249.jpg,131,248,254,413,healthy
images/Image_249.jpg,0,0,59,176,healthy
images/Image_249.jpg,0,193,69,411,healthy
images/Image_250.jpg,0,135,81,244,stressed
images/Image_250.jpg,34,270,109,416,stressed
images/Image_250.jpg,2,322,33,413,stressed
images/Image_250.jpg,110,382,159,416,stressed
images/Image_250.jpg,127,2,227,92,stressed
images/Image_250.jpg,224,0,282,79,stressed
images/Image_250.jpg,166,89,258,163,stressed
images/Image_250.jpg,249,265,304,416,stressed
images/Image_250.jpg,286,3,416,85,healthy
images/Image_250.jpg,265,86,413,253,healthy
images/Image_250.jpg,340,265,414,416,healthy
images/Image_250.jpg,125,166,250,250,healthy
images/Image_250.jpg,104,101,160,160,healthy
images/Image_250.jpg,68,0,118,86,healthy
images/Image_250.jpg,2,3,40,134,healthy
images/Image_250.jpg,46,99,87,133,healthy
images/Image_250.jpg,161,259,249,409,healthy
images/Image_036.jpg,158,2,219,58,stressed
images/Image_036.jpg,228,1,313,59,stressed
images/Image_036.jpg,156,61,337,160,stressed
images/Image_036.jpg,130,170,225,277,stressed
images/Image_036.jpg,241,164,343,210,stressed
images/Image_036.jpg,130,292,251,410,stressed
images/Image_036.jpg,1,258,119,411,healthy
images/Image_036.jpg,257,279,380,411,healthy
images/Image_036.jpg,1,95,77,236,healthy
images/Image_036.jpg,1,0,85,78,healthy
images/Image_036.jpg,373,62,416,215,healthy
images/Image_037.jpg,0,2,108,89,healthy
images/Image_037.jpg,6,94,99,160,healthy
images/Image_037.jpg,3,167,43,233,healthy
images/Image_037.jpg,3,243,82,412,healthy
images/Image_037.jpg,386,6,416,98,healthy
images/Image_037.jpg,377,196,416,353,healthy
images/Image_037.jpg,140,307,238,410,stressed
images/Image_037.jpg,248,235,338,341,stressed
images/Image_037.jpg,141,189,233,288,stressed
images/Image_037.jpg,251,107,330,219,stressed
images/Image_037.jpg,143,0,237,169,stressed
images/Image_037.jpg,246,2,311,98,stressed
images/Image_040.jpg,387,16,416,110,stressed
images/Image_040.jpg,127,0,224,59,stressed
images/Image_040.jpg,239,1,329,58,stressed
images/Image_040.jpg,0,78,62,232,stressed
images/Image_040.jpg,117,123,190,204,stressed
images/Image_040.jpg,269,349,347,416,stressed
images/Image_040.jpg,151,267,352,341,stressed
images/Image_040.jpg,155,205,244,266,stressed
images/Image_040.jpg,0,274,99,413,healthy
images/Image_040.jpg,0,1,53,53,healthy
images/Image_040.jpg,150,348,262,411,healthy
images/Image_040.jpg,353,367,414,411,healthy
images/Image_040.jpg,257,201,356,266,healthy
images/Image_040.jpg,254,79,353,172,healthy
images/Image_040.jpg,105,62,181,114,healthy
images/Image_040.jpg,193,63,250,104,stressed
images/Image_043.jpg,6,31,52,160,healthy
images/Image_043.jpg,99,0,200,49,healthy
images/Image_043.jpg,135,48,195,128,healthy
images/Image_043.jpg,211,3,312,39,healthy
images/Image_043.jpg,386,47,416,99,healthy
images/Image_043.jpg,174,221,251,286,healthy
images/Image_043.jpg,270,265,352,353,healthy
images/Image_043.jpg,342,328,407,416,stressed
images/Image_043.jpg,118,331,204,413,stressed
images/Image_043.jpg,0,376,99,408,stressed
images/Image_043.jpg,1,161,34,307,stressed
images/Image_043.jpg,43,186,113,255,stressed
images/Image_043.jpg,206,44,327,147,stressed
images/Image_043.jpg,177,147,275,216,stressed
images/Image_043.jpg,288,173,384,260,stressed
images/Image_043.jpg,0,315,105,364,healthy
images/Image_043.jpg,44,262,138,312,healthy
images/Image_046.jpg,168,57,256,131,stressed
images/Image_046.jpg,0,222,58,321,stressed
images/Image_046.jpg,0,123,75,213,stressed
images/Image_046.jpg,82,108,140,168,stressed
images/Image_046.jpg,3,0,71,114,stressed
images/Image_046.jpg,362,235,414,369,stressed
images/Image_046.jpg,295,216,350,327,healthy
images/Image_046.jpg,275,0,405,34,healthy
images/Image_046.jpg,327,41,414,118,healthy
images/Image_046.jpg,271,41,322,140,stressed
images/Image_046.jpg,292,140,395,211,stressed
images/Image_046.jpg,231,378,388,416,stressed
images/Image_046.jpg,72,351,209,412,stressed
images/Image_046.jpg,66,269,122,348,stressed
images/Image_046.jpg,2,341,59,410,healthy
images/Image_046.jpg,132,232,261,335,healthy
images/Image_046.jpg,127,0,225,49,healthy
images/Image_060.jpg,3,179,57,325,stressed
images/Image_060.jpg,70,165,198,251,stressed
images/Image_060.jpg,81,33,150,163,stressed
images/Image_060.jpg,344,0,410,119,stressed
images/Image_060.jpg,267,53,333,112,stressed
images/Image_060.jpg,204,115,331,199,stressed
images/Image_060.jpg,156,75,201,158,stressed
images/Image_060.jpg,0,0,71,49,healthy
images/Image_060.jpg,230,2,330,49,healthy
images/Image_060.jpg,5,109,69,170,healthy
images/Image_060.jpg,7,354,142,413,healthy
images/Image_060.jpg,153,357,218,413,healthy
images/Image_060.jpg,234,334,407,413,healthy
images/Image_060.jpg,222,242,335,329,healthy
images/Image_060.jpg,344,125,416,326,healthy
images/Image_068.jpg,258,0,412,114,healthy
images/Image_068.jpg,192,0,246,114,healthy
images/Image_068.jpg,1,0,123,56,healthy
images/Image_068.jpg,159,275,242,336,healthy
images/Image_068.jpg,352,281,413,364,healthy
images/Image_068.jpg,0,63,65,154,stressed
images/Image_068.jpg,75,62,182,141,stressed
images/Image_068.jpg,0,161,85,278,stressed
images/Image_068.jpg,93,144,169,217,stressed
images/Image_068.jpg,3,332,107,412,stressed
images/Image_068.jpg,151,366,352,414,stressed
images/Image_068.jpg,174,210,293,271,stressed
images/Image_068.jpg,327,119,414,270,stressed
images/Image_068.jpg,202,119,321,209,stressed
images/Image_077.jpg,14,0,140,100,stressed
images/Image_077.jpg,378,198,413,269,stressed
images/Image_077.jpg,206,45,269,95,stressed
images/Image_077.jpg,198,0,288,26,stressed
images/Image_077.jpg,304,0,392,31,stressed
images/Image_077.jpg,0,191,75,318,stressed
images/Image_077.jpg,82,163,170,288,stressed
images/Image_077.jpg,132,295,184,376,stressed
images/Image_077.jpg,225,215,376,312,stressed
images/Image_077.jpg,200,318,244,411,stressed
images/Image_077.jpg,349,316,414,397,stressed
images/Image_077.jpg,2,330,118,410,healthy
images/Image_077.jpg,258,324,332,413,healthy
images/Image_077.jpg,266,36,348,130,healthy
images/Image_077.jpg,176,156,219,245,healthy
images/Image_079.jpg,333,308,416,413,stressed
images/Image_079.jpg,243,285,325,416,stressed
images/Image_079.jpg,165,288,239,414,stressed
images/Image_079.jpg,112,231,173,308,stressed
images/Image_079.jpg,5,230,93,310,stressed
images/Image_079.jpg,160,4,257,68,stressed
images/Image_079.jpg,95,16,149,112,stressed
images/Image_079.jpg,0,2,67,77,stressed
images/Image_079.jpg,3,115,182,210,healthy
images/Image_079.jpg,12,318,73,406,healthy
images/Image_079.jpg,312,2,416,89,healthy
images/Image_079.jpg,261,0,306,128,healthy
images/Image_079.jpg,359,93,406,205,healthy
images/Image_079.jpg,205,140,313,228,healthy
images/Image_079.jpg,186,74,247,131,healthy
images/Image_089.jpg,6,257,73,343,stressed
images/Image_089.jpg,1,354,73,416,stressed
images/Image_089.jpg,364,38,416,120,stressed
images/Image_089.jpg,173,90,236,196,stressed
images/Image_089.jpg,215,0,283,83,stressed
images/Image_089.jpg,125,11,205,75,stressed
images/Image_089.jpg,94,78,168,158,stressed
images/Image_089.jpg,0,77,84,182,stressed
images/Image_089.jpg,0,0,107,67,stressed
images/Image_089.jpg,146,364,252,416,stressed
images/Image_089.jpg,105,261,203,363,stressed
images/Image_089.jpg,262,335,347,416,stressed
images/Image_089.jpg,214,293,333,332,stressed
images/Image_089.jpg,261,90,316,181,healthy
images/Image_089.jpg,331,130,408,204,healthy
images/Image_089.jpg,296,0,354,90,healthy
images/Image_089.jpg,368,327,413,416,healthy
images/Image_089.jpg,243,231,334,290,healthy
images/Image_251.jpg,133,1,272,144,stressed
images/Image_251.jpg,203,364,348,416,stressed
images/Image_251.jpg,0,233,120,361,stressed
images/Image_251.jpg,0,364,172,414,stressed
images/Image_251.jpg,0,119,103,224,stressed
images/Image_251.jpg,345,221,414,416,stressed
images/Image_251.jpg,154,225,307,358,stressed
images/Image_251.jpg,286,8,409,149,healthy
images/Image_251.jpg,122,144,414,219,healthy
images/Image_251.jpg,0,0,72,114,healthy
images/Image_251.jpg,73,0,132,98,healthy
images/Image_252.jpg,271,8,413,143,healthy
images/Image_252.jpg,95,0,270,141,healthy
images/Image_252.jpg,2,0,92,123,stressed
images/Image_252.jpg,35,146,127,272,stressed
images/Image_252.jpg,239,300,416,416,stressed
images/Image_252.jpg,351,151,415,297,stressed
images/Image_252.jpg,145,142,303,286,stressed
images/Image_252.jpg,2,368,211,416,stressed
images/Image_252.jpg,1,272,152,368,stressed
images/Image_252.jpg,7,221,39,269,stressed
images/Image_253.jpg,1,0,109,100,stressed
images/Image_253.jpg,0,342,80,416,stressed
images/Image_253.jpg,0,187,46,339,stressed
images/Image_253.jpg,110,341,212,416,stressed
images/Image_253.jpg,120,208,183,338,stressed
images/Image_253.jpg,31,99,118,206,stressed
images/Image_253.jpg,206,0,416,159,healthy
images/Image_253.jpg,119,0,192,179,healthy
images/Image_253.jpg,198,161,406,254,healthy
images/Image_253.jpg,226,335,342,416,healthy
images/Image_253.jpg,188,260,318,325,healthy
images/Image_253.jpg,68,277,117,336,healthy
images/Image_254.jpg,278,0,412,100,healthy
images/Image_254.jpg,169,0,279,94,healthy
images/Image_254.jpg,191,100,316,221,healthy
images/Image_254.jpg,3,327,129,416,healthy
images/Image_254.jpg,139,285,222,416,healthy
images/Image_254.jpg,231,332,366,416,healthy
images/Image_254.jpg,231,232,322,322,healthy
images/Image_254.jpg,85,0,166,87,stressed
images/Image_254.jpg,0,1,78,39,stressed
images/Image_254.jpg,0,57,33,194,stressed
images/Image_254.jpg,0,205,94,324,stressed
images/Image_254.jpg,104,266,134,320,stressed
images/Image_254.jpg,129,219,225,272,stressed
images/Image_254.jpg,60,143,183,211,stressed
images/Image_254.jpg,110,89,178,132,stressed
images/Image_254.jpg,321,99,384,146,stressed
images/Image_254.jpg,386,160,416,211,stressed
images/Image_254.jpg,330,245,413,321,stressed
images/Image_254.jpg,368,327,408,369,stressed
images/Image_255.jpg,118,0,200,87,stressed
images/Image_255.jpg,114,88,211,194,stressed
images/Image_255.jpg,0,130,75,235,stressed
images/Image_255.jpg,0,0,42,129,stressed
images/Image_255.jpg,78,193,135,292,stressed
images/Image_255.jpg,0,237,70,414,healthy
images/Image_255.jpg,73,298,281,413,healthy
images/Image_255.jpg,143,200,251,295,healthy
images/Image_255.jpg,289,303,416,413,healthy
images/Image_255.jpg,261,199,404,299,healthy
images/Image_255.jpg,222,87,332,193,healthy
images/Image_255.jpg,203,1,349,90,healthy
images/Image_255.jpg,348,0,413,42,healthy
images/Image_255.jpg,377,87,416,129,healthy
images/Image_255.jpg,348,167,402,192,healthy
images/Image_255.jpg,74,59,114,119,healthy
images/Image_256.jpg,0,0,109,99,stressed
images/Image_256.jpg,0,270,23,373,stressed
images/Image_256.jpg,0,390,53,414,stressed
images/Image_256.jpg,58,281,151,403,stressed
images/Image_256.jpg,232,321,325,416,stressed
images/Image_256.jpg,160,275,201,336,stressed
images/Image_256.jpg,130,0,369,38,stressed
images/Image_256.jpg,266,39,394,98,stressed
images/Image_256.jpg,305,100,377,203,stressed
images/Image_256.jpg,285,217,387,302,stressed
images/Image_256.jpg,125,47,243,123,healthy
images/Image_256.jpg,129,126,297,205,healthy
images/Image_256.jpg,0,104,101,230,healthy
images/Image_256.jpg,103,209,269,272,healthy
images/Image_256.jpg,335,316,416,413,healthy
images/Image_256.jpg,401,213,414,311,healthy
images/Image_256.jpg,377,97,414,138,healthy
images/Image_257.jpg,134,101,278,173,healthy
images/Image_257.jpg,142,21,227,98,healthy
images/Image_257.jpg,62,175,222,240,healthy
images/Image_257.jpg,2,134,118,173,healthy
images/Image_257.jpg,321,188,415,416,healthy
images/Image_257.jpg,229,180,325,231,healthy
images/Image_257.jpg,231,0,403,103,stressed
images/Image_257.jpg,283,105,397,183,stressed
images/Image_257.jpg,0,0,129,133,stressed
images/Image_257.jpg,0,240,18,413,stressed
images/Image_257.jpg,16,369,59,414,stressed
images/Image_257.jpg,156,369,221,416,stressed
images/Image_257.jpg,44,244,151,381,stressed
images/Image_257.jpg,157,239,193,316,stressed
images/Image_257.jpg,226,233,316,416,stressed
images/Image_258.jpg,244,330,411,416,stressed
images/Image_258.jpg,141,287,237,413,stressed
images/Image_258.jpg,239,225,325,332,stressed
images/Image_258.jpg,302,3,416,89,stressed
images/Image_258.jpg,69,169,204,278,stressed
images/Image_258.jpg,0,163,25,415,stressed
images/Image_258.jpg,33,295,80,416,stressed
images/Image_258.jpg,0,0,305,165,healthy
images/Image_258.jpg,309,94,403,225,healthy
images/Image_258.jpg,333,227,414,327,healthy
images/Image_258.jpg,226,164,305,220,healthy
images/Image_259.jpg,1,0,154,165,healthy
images/Image_259.jpg,158,0,410,161,healthy
images/Image_259.jpg,284,165,414,416,healthy
images/Image_259.jpg,58,168,275,266,healthy
images/Image_259.jpg,90,269,256,416,healthy
images/Image_259.jpg,4,170,56,270,stressed
images/Image_259.jpg,0,276,86,416,stressed
images/Image_260.jpg,295,228,413,416,stressed
images/Image_260.jpg,191,366,277,416,stressed
images/Image_260.jpg,0,0,69,264,stressed
images/Image_260.jpg,73,0,185,266,healthy
images/Image_260.jpg,190,0,318,118,healthy
images/Image_260.jpg,331,3,409,222,healthy
images/Image_260.jpg,283,146,331,209,healthy
images/Image_260.jpg,9,269,180,416,healthy
images/Image_260.jpg,195,257,281,359,healthy
images/Image_260.jpg,191,122,238,244,healthy
images/Image_261.jpg,284,1,412,136,healthy
images/Image_261.jpg,307,295,412,416,healthy
images/Image_261.jpg,4,191,183,416,healthy
images/Image_261.jpg,194,190,305,416,healthy
images/Image_261.jpg,104,0,211,182,healthy
images/Image_261.jpg,211,0,285,43,healthy
images/Image_261.jpg,5,0,94,179,stressed
images/Image_261.jpg,322,144,416,286,stressed
images/Image_262.jpg,297,0,416,173,stressed
images/Image_262.jpg,300,182,416,278,stressed
images/Image_262.jpg,5,0,137,37,stressed
images/Image_262.jpg,141,0,293,96,stressed
images/Image_262.jpg,173,99,282,203,stressed
images/Image_262.jpg,130,274,233,416,stressed
images/Image_262.jpg,0,266,90,416,stressed
images/Image_262.jpg,0,41,97,253,healthy
images/Image_262.jpg,106,95,164,266,healthy
images/Image_262.jpg,107,40,135,92,healthy
images/Image_262.jpg,176,206,287,271,healthy
images/Image_262.jpg,238,276,413,416,healthy
images/Image_263.jpg,0,70,163,210,healthy
images/Image_263.jpg,34,0,205,72,healthy
images/Image_263.jpg,238,244,407,416,healthy
images/Image_263.jpg,306,1,413,238,stressed
images/Image_263.jpg,210,2,294,80,stressed
images/Image_263.jpg,174,75,290,236,stressed
images/Image_263.jpg,32,382,108,416,stressed
images/Image_263.jpg,0,222,53,380,stressed
images/Image_263.jpg,59,214,99,297,stressed
images/Image_263.jpg,134,242,237,415,stressed
images/Image_263.jpg,98,278,127,352,stressed
images/Image_264.jpg,114,329,282,416,stressed
images/Image_264.jpg,35,295,115,416,stressed
images/Image_264.jpg,0,178,52,290,stressed
images/Image_264.jpg,53,170,97,227,stressed
images/Image_264.jpg,128,216,220,331,stressed
images/Image_264.jpg,189,0,300,90,stressed
images/Image_264.jpg,305,3,416,165,stressed
images/Image_264.jpg,132,140,224,206,stressed
images/Image_264.jpg,0,2,183,135,healthy
images/Image_264.jpg,0,138,95,167,healthy
images/Image_264.jpg,229,169,403,326,healthy
images/Image_264.jpg,307,330,416,407,healthy
images/Image_264.jpg,226,93,297,165,healthy
images/Image_264.jpg,187,94,224,134,healthy
images/Image_265.jpg,244,0,408,87,stressed
images/Image_265.jpg,60,250,156,358,stressed
images/Image_265.jpg,64,359,269,416,stressed
images/Image_265.jpg,0,0,243,165,healthy
images/Image_265.jpg,0,166,244,247,healthy
images/Image_265.jpg,1,250,52,410,healthy
images/Image_265.jpg,297,89,414,415,healthy
images/Image_265.jpg,177,256,297,358,healthy
images/Image_265.jpg,248,192,303,256,healthy
images/Image_265.jpg,242,89,294,133,healthy
images/Image_266.jpg,0,0,205,120,healthy
images/Image_266.jpg,0,125,140,408,healthy
images/Image_266.jpg,211,230,416,416,healthy
images/Image_266.jpg,143,250,194,368,healthy
images/Image_266.jpg,174,122,416,235,healthy
images/Image_266.jpg,210,3,411,118,healthy
images/Image_267.jpg,190,0,413,131,healthy
images/Image_267.jpg,8,0,180,57,healthy
images/Image_267.jpg,3,63,131,165,healthy
images/Image_267.jpg,4,172,174,416,healthy
images/Image_267.jpg,186,146,416,406,healthy
images/Image_268.jpg,198,28,275,166,stressed
images/Image_268.jpg,95,26,198,211,stressed
images/Image_268.jpg,2,0,99,212,healthy
images/Image_268.jpg,0,215,414,411,healthy
images/Image_268.jpg,210,168,409,211,healthy
images/Image_268.jpg,287,1,413,165,healthy
images/Image_269.jpg,78,193,415,416,healthy
images/Image_269.jpg,0,6,71,220,healthy
images/Image_269.jpg,78,0,175,114,healthy
images/Image_269.jpg,213,0,403,95,healthy
images/Image_269.jpg,193,103,416,188,healthy
images/Image_269.jpg,7,227,68,408,stressed
images/Image_269.jpg,80,119,154,186,stressed
images/Image_270.jpg,3,286,173,413,stressed
images/Image_270.jpg,1,153,79,278,stressed
images/Image_270.jpg,83,0,174,178,stressed
images/Image_270.jpg,242,61,336,177,stressed
images/Image_270.jpg,0,0,81,149,healthy
images/Image_270.jpg,178,291,416,410,healthy
images/Image_270.jpg,87,179,416,285,healthy
images/Image_270.jpg,334,1,414,179,healthy
images/Image_270.jpg,189,1,330,56,healthy
images/Image_270.jpg,180,67,235,178,healthy
images/Image_271.jpg,69,122,227,275,stressed
images/Image_271.jpg,240,0,311,47,stressed
images/Image_271.jpg,0,0,234,114,healthy
images/Image_271.jpg,4,285,413,416,healthy
images/Image_271.jpg,2,149,58,280,healthy
images/Image_271.jpg,235,141,416,280,healthy
images/Image_271.jpg,320,3,411,140,healthy
images/Image_271.jpg,247,64,313,139,healthy
images/Image_272.jpg,209,224,416,416,healthy
images/Image_272.jpg,311,13,413,214,healthy
images/Image_272.jpg,0,211,59,341,healthy
images/Image_272.jpg,62,219,206,347,healthy
images/Image_272.jpg,0,1,117,212,stressed
images/Image_272.jpg,120,8,299,217,stressed
images/Image_272.jpg,82,354,201,415,stressed
images/Image_272.jpg,0,349,38,412,stressed
images/Image_273.jpg,114,1,209,115,stressed
images/Image_273.jpg,0,121,175,258,stressed
images/Image_273.jpg,117,266,174,325,stressed
images/Image_273.jpg,0,0,99,116,healthy
images/Image_273.jpg,219,0,414,117,healthy
images/Image_273.jpg,179,121,416,413,healthy
images/Image_273.jpg,4,332,177,415,healthy
images/Image_273.jpg,11,260,108,331,healthy
images/Image_274.jpg,208,180,416,412,healthy
images/Image_274.jpg,2,244,197,416,healthy
images/Image_274.jpg,234,0,416,178,healthy
images/Image_274.jpg,0,94,201,237,stressed
images/Image_274.jpg,202,3,234,172,stressed
images/Image_274.jpg,7,0,195,87,stressed
images/Image_275.jpg,246,112,415,294,stressed
images/Image_275.jpg,103,173,244,338,stressed
images/Image_275.jpg,0,3,132,155,healthy
images/Image_275.jpg,138,0,409,110,healthy
images/Image_275.jpg,0,161,103,410,healthy
images/Image_275.jpg,114,343,266,410,healthy
images/Image_275.jpg,276,293,411,416,healthy
images/Image_276.jpg,328,318,416,413,stressed
images/Image_276.jpg,0,3,178,73,stressed
images/Image_276.jpg,2,308,102,416,stressed
images/Image_276.jpg,307,164,416,315,stressed
images/Image_276.jpg,187,2,414,163,healthy
images/Image_276.jpg,0,77,179,239,healthy
images/Image_276.jpg,2,239,191,311,healthy
images/Image_276.jpg,111,317,328,416,healthy
images/Image_276.jpg,200,246,307,308,healthy
images/Image_276.jpg,209,164,279,229,healthy
images/Image_277.jpg,0,205,152,416,healthy
images/Image_277.jpg,0,0,99,202,healthy
images/Image_277.jpg,114,0,401,175,healthy
images/Image_277.jpg,159,178,293,349,healthy
images/Image_277.jpg,303,181,412,303,healthy
images/Image_277.jpg,299,308,416,411,stressed
images/Image_277.jpg,153,369,291,416,stressed
images/Image_278.jpg,83,264,254,411,stressed
images/Image_278.jpg,160,161,314,263,stressed
images/Image_278.jpg,231,0,298,34,stressed
images/Image_278.jpg,0,261,79,412,healthy
images/Image_278.jpg,254,266,416,414,healthy
images/Image_278.jpg,307,0,416,265,healthy
images/Image_278.jpg,227,40,303,156,healthy
images/Image_278.jpg,10,0,217,149,healthy
images/Image_278.jpg,66,151,129,239,healthy
images/Image_279.jpg,4,0,132,203,healthy
images/Image_279.jpg,133,2,229,159,healthy
images/Image_279.jpg,3,270,220,413,healthy
images/Image_279.jpg,300,263,416,413,healthy
images/Image_279.jpg,306,128,416,260,healthy
images/Image_279.jpg,234,2,413,120,healthy
images/Image_279.jpg,235,122,297,278,stressed
images/Image_279.jpg,166,169,219,252,stressed
images/Image_279.jpg,3,237,92,261,stressed
images/Image_279.jpg,229,321,290,416,stressed
images/Image_280.jpg,26,129,120,229,stressed
images/Image_280.jpg,1,233,119,414,stressed
images/Image_280.jpg,127,195,300,290,stressed
images/Image_280.jpg,80,0,157,128,stressed
images/Image_280.jpg,126,298,412,416,healthy
images/Image_280.jpg,298,3,413,293,healthy
images/Image_280.jpg,163,3,287,191,healthy
images/Image_280.jpg,129,134,160,185,healthy
images/Image_280.jpg,0,0,78,121,healthy
images/Image_281.jpg,201,277,409,416,stressed
images/Image_281.jpg,0,168,68,296,stressed
images/Image_281.jpg,0,0,72,158,healthy
images/Image_281.jpg,76,1,267,119,healthy
images/Image_281.jpg,271,0,406,118,healthy
images/Image_281.jpg,73,119,406,272,healthy
images/Image_281.jpg,75,276,192,413,healthy
images/Image_281.jpg,0,305,69,411,healthy
images/Image_282.jpg,2,0,216,106,healthy
images/Image_282.jpg,7,106,69,168,healthy
images/Image_282.jpg,0,336,84,414,healthy
images/Image_282.jpg,153,340,259,414,healthy
images/Image_282.jpg,231,6,416,102,stressed
images/Image_282.jpg,37,239,99,335,stressed
images/Image_282.jpg,0,176,52,234,stressed
images/Image_282.jpg,79,113,148,241,stressed
images/Image_282.jpg,159,112,221,173,stressed
images/Image_282.jpg,147,205,358,330,stressed
images/Image_282.jpg,364,198,416,413,stressed
images/Image_282.jpg,225,101,305,155,stressed
images/Image_282.jpg,334,105,399,158,stressed
images/Image_283.jpg,325,0,416,82,stressed
images/Image_283.jpg,92,297,362,416,stressed
images/Image_283.jpg,289,109,394,189,stressed
images/Image_283.jpg,0,246,89,416,healthy
images/Image_283.jpg,2,0,161,229,healthy
images/Image_283.jpg,162,3,310,100,healthy
images/Image_283.jpg,102,237,362,290,healthy
images/Image_283.jpg,370,196,416,389,healthy
images/Image_283.jpg,172,194,356,230,healthy
images/Image_283.jpg,173,109,216,184,healthy
images/Image_284.jpg,4,0,126,103,healthy
images/Image_284.jpg,257,322,413,416,healthy
images/Image_284.jpg,138,257,323,321,healthy
images/Image_284.jpg,38,303,136,416,healthy
images/Image_284.jpg,1,108,75,154,healthy
images/Image_284.jpg,374,267,416,319,healthy
images/Image_284.jpg,346,0,416,85,healthy
images/Image_284.jpg,129,0,208,147,stressed
images/Image_284.jpg,214,0,336,89,stressed
images/Image_284.jpg,225,90,279,167,stressed
images/Image_284.jpg,0,154,62,212,stressed
images/Image_284.jpg,40,218,126,297,stressed
images/Image_284.jpg,138,181,312,251,stressed
images/Image_284.jpg,321,100,410,257,stressed
images/Image_285.jpg,0,2,94,99,stressed
images/Image_285.jpg,109,0,338,87,stressed
images/Image_285.jpg,110,90,291,196,stressed
images/Image_285.jpg,0,279,119,416,stressed
images/Image_285.jpg,346,269,416,413,stressed
images/Image_285.jpg,140,353,260,416,stressed
images/Image_285.jpg,266,200,339,415,healthy
images/Image_285.jpg,120,197,262,349,healthy
images/Image_285.jpg,4,154,104,275,healthy
images/Image_285.jpg,300,97,345,193,healthy
images/Image_285.jpg,342,1,416,246,healthy
images/Image_286.jpg,140,0,351,72,healthy
images/Image_286.jpg,237,77,345,183,healthy
images/Image_286.jpg,26,304,176,416,healthy
images/Image_286.jpg,0,244,89,295,healthy
images/Image_286.jpg,4,98,57,155,healthy
images/Image_286.jpg,0,0,138,88,stressed
images/Image_286.jpg,97,91,225,235,stressed
images/Image_286.jpg,17,181,80,234,stressed
images/Image_286.jpg,187,256,332,413,stressed
images/Image_286.jpg,348,210,416,302,stressed
images/Image_286.jpg,374,348,416,416,stressed
images/Image_286.jpg,355,11,411,188,stressed
images/Image_287.jpg,245,0,416,87,healthy
images/Image_287.jpg,250,90,414,174,healthy
images/Image_287.jpg,98,234,234,416,healthy
images/Image_287.jpg,0,0,237,83,stressed
images/Image_287.jpg,94,95,230,215,stressed
images/Image_287.jpg,252,312,353,414,stressed
images/Image_287.jpg,370,272,416,353,stressed
images/Image_287.jpg,257,179,399,256,stressed
images/Image_287.jpg,19,321,89,416,stressed
images/Image_287.jpg,2,87,90,308,stressed
images/Image_288.jpg,377,2,416,69,stressed
images/Image_288.jpg,0,163,97,246,stressed
images/Image_288.jpg,249,36,371,175,stressed
images/Image_288.jpg,0,78,133,158,stressed
images/Image_288.jpg,4,306,239,416,stressed
images/Image_288.jpg,56,247,222,304,stressed
images/Image_288.jpg,237,213,414,416,stressed
images/Image_288.jpg,378,167,416,208,stressed
images/Image_288.jpg,0,0,244,78,healthy
images/Image_288.jpg,133,80,234,153,healthy
images/Image_288.jpg,104,159,224,228,healthy
images/Image_289.jpg,318,99,416,271,stressed
images/Image_289.jpg,291,272,412,357,stressed
images/Image_289.jpg,171,309,291,416,stressed
images/Image_289.jpg,198,189,314,272,stressed
images/Image_289.jpg,103,122,191,224,stressed
images/Image_289.jpg,0,125,97,187,stressed
images/Image_289.jpg,0,198,92,412,healthy
images/Image_289.jpg,101,227,161,410,healthy
images/Image_289.jpg,0,0,313,115,healthy
images/Image_289.jpg,323,0,416,62,healthy
images/Image_289.jpg,208,118,286,179,healthy
images/Image_290.jpg,0,0,164,89,healthy
images/Image_290.jpg,0,90,165,206,healthy
images/Image_290.jpg,297,3,416,85,stressed
images/Image_290.jpg,171,35,273,181,stressed
images/Image_290.jpg,0,236,148,412,stressed
images/Image_290.jpg,166,208,315,414,stressed
images/Image_290.jpg,323,246,416,381,stressed
images/Image_290.jpg,310,165,416,237,stressed
images/Image_290.jpg,364,118,416,159,stressed
images/Image_291.jpg,372,0,416,28,stressed
images/Image_291.jpg,256,3,345,140,stressed
images/Image_291.jpg,100,0,257,80,stressed
images/Image_291.jpg,170,83,259,205,stressed
images/Image_291.jpg,186,208,340,269,stressed
images/Image_291.jpg,337,138,416,214,stressed
images/Image_291.jpg,133,274,416,415,healthy
images/Image_291.jpg,0,0,88,79,healthy
images/Image_291.jpg,2,92,168,270,healthy
images/Image_291.jpg,0,274,117,416,healthy
images/Image_292.jpg,239,274,416,411,healthy
images/Image_292.jpg,6,214,232,416,healthy
images/Image_292.jpg,0,104,104,214,healthy
images/Image_292.jpg,239,215,297,271,healthy
images/Image_292.jpg,170,98,299,211,healthy
images/Image_292.jpg,0,2,69,84,stressed
images/Image_292.jpg,78,0,416,92,stressed
images/Image_292.jpg,306,90,412,272,stressed
images/Image_292.jpg,118,100,166,204,stressed
images/Image_293.jpg,0,0,285,79,stressed
images/Image_293.jpg,226,82,305,138,stressed
images/Image_293.jpg,97,84,214,240,stressed
images/Image_293.jpg,331,1,416,40,healthy
images/Image_293.jpg,372,44,416,128,healthy
images/Image_293.jpg,0,89,95,403,healthy
images/Image_293.jpg,108,246,229,414,healthy
images/Image_293.jpg,241,278,415,411,healthy
images/Image_293.jpg,245,145,390,271,stressed
images/Image_294.jpg,328,4,416,80,stressed
images/Image_294.jpg,212,0,310,112,stressed
images/Image_294.jpg,0,0,202,78,stressed
images/Image_294.jpg,0,80,71,211,stressed
images/Image_294.jpg,267,217,414,322,stressed
images/Image_294.jpg,235,114,313,209,stressed
images/Image_294.jpg,114,84,225,214,stressed
images/Image_294.jpg,0,326,411,414,healthy
images/Image_294.jpg,0,212,263,321,healthy
images/Image_294.jpg,316,123,381,188,healthy
images/Image_295.jpg,149,280,346,416,healthy
images/Image_295.jpg,385,301,416,416,healthy
images/Image_295.jpg,63,280,150,414,healthy
images/Image_295.jpg,248,0,376,41,healthy
images/Image_295.jpg,0,144,62,238,healthy
images/Image_295.jpg,0,0,128,97,stressed
images/Image_295.jpg,133,0,223,126,stressed
images/Image_295.jpg,64,112,134,237,stressed
images/Image_295.jpg,28,112,59,137,stressed
images/Image_295.jpg,0,244,61,410,stressed
images/Image_295.jpg,64,242,133,281,stressed
images/Image_295.jpg,354,149,416,271,stressed
images/Image_295.jpg,311,44,413,143,stressed
images/Image_295.jpg,185,132,327,270,stressed
images/Image_296.jpg,334,89,416,359,stressed
images/Image_296.jpg,242,0,401,84,stressed
images/Image_296.jpg,240,276,330,416,stressed
images/Image_296.jpg,181,148,286,270,stressed
images/Image_296.jpg,162,3,234,152,stressed
images/Image_296.jpg,242,88,318,145,stressed
images/Image_296.jpg,0,281,241,416,healthy
images/Image_296.jpg,0,159,176,270,healthy
images/Image_296.jpg,2,0,151,152,healthy
images/Image_296.jpg,332,364,391,416,stressed
images/Image_297.jpg,0,0,142,64,stressed
images/Image_297.jpg,50,62,136,138,stressed
images/Image_297.jpg,0,75,50,265,stressed
images/Image_297.jpg,136,134,241,235,stressed
images/Image_297.jpg,85,137,132,262,stressed
images/Image_297.jpg,165,0,414,66,stressed
images/Image_297.jpg,226,66,415,163,stressed
images/Image_297.jpg,262,168,349,266,stressed
images/Image_297.jpg,358,165,409,213,stressed
images/Image_297.jpg,300,282,416,416,stressed
images/Image_297.jpg,0,274,265,416,healthy
images/Image_297.jpg,137,239,256,275,healthy
images/Image_298.jpg,0,1,82,133,healthy
images/Image_298.jpg,0,141,68,283,healthy
images/Image_298.jpg,0,283,169,411,healthy
images/Image_298.jpg,323,174,395,280,healthy
images/Image_298.jpg,84,0,160,128,stressed
images/Image_298.jpg,82,134,165,279,stressed
images/Image_298.jpg,174,275,254,416,stressed
images/Image_298.jpg,265,357,307,416,stressed
images/Image_298.jpg,169,0,318,88,stressed
images/Image_298.jpg,236,86,345,165,stressed
images/Image_298.jpg,348,0,413,160,stressed
images/Image_298.jpg,242,170,307,275,stressed
images/Image_298.jpg,269,271,403,381,stressed
images/Image_298.jpg,165,112,215,189,stressed
images/Image_299.jpg,0,0,76,132,stressed
images/Image_299.jpg,81,135,169,239,stressed
images/Image_299.jpg,31,147,88,275,stressed
images/Image_299.jpg,99,368,168,416,stressed
images/Image_299.jpg,104,0,386,47,stressed
images/Image_299.jpg,164,47,416,136,stressed
images/Image_299.jpg,206,138,414,262,stressed
images/Image_299.jpg,246,290,416,413,stressed
images/Image_299.jpg,4,278,94,411,healthy
images/Image_299.jpg,99,245,200,363,healthy
images/Image_299.jpg,173,368,240,413,healthy
images/Image_300.jpg,0,278,112,416,healthy
images/Image_300.jpg,0,152,39,280,healthy
images/Image_300.jpg,272,160,345,269,healthy
images/Image_300.jpg,261,66,413,163,healthy
images/Image_300.jpg,288,1,416,65,healthy
images/Image_300.jpg,124,280,204,414,stressed
images/Image_300.jpg,44,173,128,277,stressed
images/Image_300.jpg,51,113,156,165,stressed
images/Image_300.jpg,0,1,44,142,stressed
images/Image_300.jpg,52,0,90,108,stressed
images/Image_300.jpg,95,0,257,73,stressed
images/Image_300.jpg,180,81,259,164,stressed
images/Image_300.jpg,181,169,271,267,stressed
images/Image_300.jpg,200,272,416,364,stressed
images/Image_300.jpg,211,383,320,412,stressed
images/Image_103.jpg,318,318,416,411,stressed
images/Image_103.jpg,332,233,412,316,stressed
images/Image_103.jpg,354,122,414,225,stressed
images/Image_103.jpg,373,0,416,113,stressed
images/Image_103.jpg,0,0,44,149,healthy
images/Image_103.jpg,48,1,201,149,healthy
images/Image_103.jpg,1,150,188,246,healthy
images/Image_103.jpg,0,247,130,409,healthy
images/Image_103.jpg,131,249,224,413,healthy
images/Image_103.jpg,225,245,295,312,healthy
images/Image_103.jpg,195,152,315,235,healthy
images/Image_103.jpg,206,0,336,144,healthy
images/Image_104.jpg,173,0,241,87,healthy
images/Image_104.jpg,49,0,160,66,healthy
images/Image_104.jpg,131,301,219,414,healthy
images/Image_104.jpg,3,295,121,410,healthy
images/Image_104.jpg,2,229,151,292,healthy
images/Image_104.jpg,0,164,46,229,healthy
images/Image_104.jpg,2,0,42,159,healthy
images/Image_104.jpg,159,220,244,299,healthy
images/Image_104.jpg,138,91,210,213,healthy
images/Image_104.jpg,317,0,415,29,stressed
images/Image_104.jpg,330,29,416,109,stressed
images/Image_104.jpg,265,61,330,156,stressed
images/Image_104.jpg,348,130,405,151,stressed
images/Image_104.jpg,333,163,410,270,stressed
images/Image_104.jpg,255,160,331,300,stressed
images/Image_104.jpg,228,374,325,413,stressed
images/Image_104.jpg,338,376,388,415,stressed
images/Image_104.jpg,372,276,414,353,stressed
images/Image_104.jpg,251,305,333,369,stressed
images/Image_104.jpg,340,276,361,352,stressed
images/Image_104.jpg,61,68,117,203,stressed
images/Image_157.jpg,0,205,94,345,stressed
images/Image_157.jpg,341,203,416,260,stressed
images/Image_157.jpg,0,357,90,413,stressed
images/Image_157.jpg,0,88,67,194,stressed
images/Image_157.jpg,72,85,174,189,stressed
images/Image_157.jpg,184,78,260,178,stressed
images/Image_157.jpg,357,62,416,196,stressed
images/Image_157.jpg,265,37,358,147,stressed
images/Image_157.jpg,267,150,348,189,stressed
images/Image_157.jpg,114,191,211,255,stressed
images/Image_157.jpg,230,377,379,416,stressed
images/Image_157.jpg,101,320,186,416,healthy
images/Image_157.jpg,190,357,227,416,healthy
images/Image_157.jpg,378,362,416,408,healthy
images/Image_157.jpg,222,183,270,337,healthy
images/Image_157.jpg,143,259,220,313,healthy
images/Image_157.jpg,274,187,313,270,healthy
images/Image_157.jpg,0,0,173,82,healthy
images/Image_157.jpg,179,0,262,72,healthy
images/Image_157.jpg,371,0,416,28,healthy
images/Image_157.jpg,266,0,299,26,healthy
images/Image_179.jpg,0,7,47,119,stressed
images/Image_179.jpg,29,120,96,218,stressed
images/Image_179.jpg,387,66,416,196,stressed
images/Image_179.jpg,109,50,233,139,stressed
images/Image_179.jpg,102,138,207,246,stressed
images/Image_179.jpg,104,348,266,416,stressed
images/Image_179.jpg,204,286,265,340,stressed
images/Image_179.jpg,294,0,378,127,healthy
images/Image_179.jpg,0,364,79,416,healthy
images/Image_179.jpg,272,338,411,416,healthy
images/Image_179.jpg,274,183,363,332,healthy
images/Image_179.jpg,220,155,270,276,healthy
images/Image_179.jpg,63,249,175,346,healthy
images/Image_195.jpg,352,201,416,320,stressed
images/Image_195.jpg,256,48,353,150,stressed
images/Image_195.jpg,0,0,198,95,stressed
images/Image_195.jpg,44,101,133,161,stressed
images/Image_195.jpg,70,163,179,252,stressed
images/Image_195.jpg,186,171,278,252,stressed
images/Image_195.jpg,183,340,342,416,stressed
images/Image_195.jpg,126,328,180,416,stressed
images/Image_195.jpg,304,0,411,40,stressed
images/Image_195.jpg,373,53,416,126,stressed
images/Image_195.jpg,0,361,51,413,healthy
images/Image_195.jpg,2,103,38,164,healthy
images/Image_195.jpg,6,173,63,246,healthy
images/Image_195.jpg,37,257,161,324,healthy
images/Image_195.jpg,66,328,115,378,healthy
images/Image_195.jpg,260,260,332,337,healthy
images/Image_195.jpg,164,260,257,334,stressed
images/Image_195.jpg,159,124,215,159,stressed
